URL,Labels,source,text,is_mock
https://bsky.app/profile/zohrankmamdani.bsky.social/post/3m4xoo3pf4s2r,[],real-world,"We‚Äôre hiring!

Our new resume portal is live, and we‚Äôre looking for top talent in NYC to help build this administration and deliver on our affordability agenda.

Could that be you? Apply using the lin",
https://bsky.app/profile/charlesornstein.bsky.social/post/3m4svafd5us2e,[],real-world,ProPublica is hiring a reporter to join our amazing investigative unit with The Texas Tribune. APPLY HERE ‚û°Ô∏è http://propub.li/4qvyjzw,
https://bsky.app/profile/oliviamesser.bsky.social/post/3m4vrcfp4z22r,[],real-world,"Are you a social media manager who is passionate about the culture and lives of Texans? 

Our incredible social media manager was recruited for an exciting, glossy new opportunity, which means ...we‚Äôr",
https://bsky.app/profile/betoorourke.bsky.social/post/3m4vx6zg65s27,[],real-world,"Calling all those who want to lead the fight in Texas to reach, register, and turn out the voters who will power Democratic victories up and down the ballot: we are hiring full-time organizers.

For d",
https://bsky.app/profile/starsandstripes.bsky.social/post/3m4xyigm4nk2b,[],real-world,"Stars and Stripes, the editorially independent daily newspaper and website covering the U.S. military worldwide, is hiring a U.S. Bureau Chief at its headquarters in Washington, D.C. üóûÔ∏è

Interested? A",
https://bsky.app/profile/remotejobshub-app.bsky.social/post/3m4njw64d6l2v,"[""suspicious-recruitment""]",real-world,"üöÄ New Remote Job Alert!
üíº Lettings Administrator
üè¢ Harris & Daughter Ltd.
üåç UK 
üìÅ Administrative
üí∞ ¬£20,000 - ¬£25,000
Apply now: www.remotejobshub.app/job/harris-d...",
https://bsky.app/profile/bluesky.awakari.com/post/3lzgcnku7z22q,[],real-world,Persistent Systems Hiring Freshers as Associate Software Engineers in Partnership with Revature ‚Äì Apply Now Role : Associate Software Engineer Location : WORK FROM HOME/GOA JOB DESCRIPTION: Persistent,
https://bsky.app/profile/juniorremotejobs.bsky.social/post/3le3doedry62y,"[""suspicious-recruitment""]",real-world,"üöÄ New Remote Job Alert!
üíº Work From Home Booking Coordinator
üè¢ Away From Home Travels 2
üåç UK 
üìÅ Customer Service
üí∞ ¬£25,000 - ¬£30,000

Apply now: juniorremotejobs.com/job/away-fro...",
https://bsky.app/profile/abhayaarya.bsky.social/post/3lk775ccmfs2k,"[""suspicious-recruitment""]",real-world,"Now Hiring: Live Chat Assistant for a Shoe Company ‚Äì Work from Home! üíª‚ú®
üìå Apply now: bit.ly/NewOnline-Job

Earn $25 - $35 per hour working online from anywhere as a Live Chat Assistant! üè°üåç",
https://bsky.app/profile/charityjobfinder.bsky.social/post/3lqnehm4lsa2l,[],real-world,"NEW JOB! üå∏ 

Age Connects Morgannwg is hiring a Connected Communities Programme Manager in Hybrid. Approximately 20% working from home, 80% field and office-based work.

http://www.charityjobfinder.co",
https://bsky.app/profile/acsnow.bsky.social/post/3lktcipnlvk26,[],real-world,"Just found a remote job hiring near me, I'd make more than I make where I'm currently at (not by much), get two days off a week, work from home except for some meeting days. It's tempting and I honest",
https://bsky.app/profile/brainbucks.bsky.social/post/3lp6tgw4rik2a,"[""fraudulent-recruitment""]",real-world,"üö® We‚Äôre Hiring! Work from Home with Brainbucks üè†
Perfect for homemakers, students & job seekers.
‚úÖ Flexible programs
‚úÖ Free certifications
‚úÖ Real career growth

üì≤ Apply now: forms.gle/ZLL1uwAPSKWm...
",
https://bsky.app/profile/mabjaia.bsky.social/post/3m4vrkfc63h2h,"[""fraudulent-recruitment""]",real-world,"üö® HIRING NOW!
A new opportunity just dropped üëá

Position: Platform Engineer (x/f/m) ‚Äì Tech Foundations 
 
Find more remote work from home jobs or onsite with great salaries. 

üîó Apply here: jobsjornal",
https://bsky.app/profile/almeck.bsky.social/post/3lintxtyy4s2i,[],real-world,"Starting to get worried about this job search... Anyone know places hiring? Work from home preferably, but anything in Arizona if not. Looking for work in the operations management field. Spreadsheets",
https://bsky.app/profile/josebrandon.bsky.social/post/3m2tle37nzc2a,"[""suspicious-recruitment""]",real-world,"ùôÉùôÑùôçùôÑùôâùôÇ! ùôÉùôÑùôçùôÑùôâùôÇ!! ùôÉùôÑùôçùôÑùôâùôÇ!!! 
Currently Conscentrix is offering work from home online job offer. The pay is $25/hr, 8 a.m - 12 p.m or 12 p.m. - 4 p.m. and tallied, total of 40-hours work a week.",
https://bsky.app/profile/mrcashcash.bsky.social/post/3lfvdf6e2372u,"[""fraudulent-recruitment""]",real-world,"Discover the top work from home jobs for 2025 that are hiring now. These online job ideas are perfect for beginners and pros alike. Work smarter, not harder! 

https://foundersdocs.com/capture/",
https://bsky.app/profile/cjeason.bsky.social/post/3lwmikqvk6j2m,"[""suspicious-recruitment""]",real-world,"#Detroit Remote Job Data Entry Clerks. Flexible hours + pay up to $25/hr. Work from home, work on your schedule. #Jobs #Hiring #Career",
https://bsky.app/profile/afkostka.bsky.social/post/3m3g2egats22j,[],real-world,"The Baltimore Banner is hiring a sports reporter who will cover the Orioles with me (yay, come hang), along with some general assignment work.

DM or email me (Andy dot Kostka at thebanner dot com) if",
https://bsky.app/profile/joel.drapper.me/post/3m25h4fcnsk2b,[],real-world,"My team at Plane is hiring experienced full stack engineers. We use Rails, Postgres, Phlex, Vite, TypeScript and Svelte. I don‚Äôt have a full job description yet, but drop me a DM if you want to know m",
https://bsky.app/profile/abausg.bsky.social/post/3li2jptqyws2r,[],real-world,"Want to build visualisations like this with 
@flutter.dev
?
Our Energy Data Team at 1K5¬∞ is hiring #FlutterDev Devs who will be responsible building graphics like this one!
Find out more and apply her",
https://bsky.app/profile/martinalexsmith.bsky.social/post/3lcf352kctu2c,[],real-world,Anyone looking for a job in genomics (Montreal)? I'm hiring a lab tech to shovel RNA and DNA into our very hungry PromethION. DM me if you fit the bill,
https://bsky.app/profile/iobert.bsky.social/post/3llyp3t4xns2l,[],real-world,"We're hiring!
Love tech? Love talking about tech? Based in UK&I?
Want to work on cool stuff and with me (debatably the cooler part)?
Join our team: job-boards.greenhouse.io/twilio/jobs/...
DM me for t",
https://bsky.app/profile/joybuongiorno.bsky.social/post/3lczxs7saw22q,[],real-world,"My team is hiring at Nature Communications! If you're at #AGU24 and would like to chat about what my (great) job is like, please DM me! 

Associate editor (US) - $74k/yr
Senior editor (US) - $91k/yr

",
https://bsky.app/profile/profmarycollier.bsky.social/post/3laz4pbjxac2c,[],real-world,"JOB ALERT! My department is hiring an Assistant Prof in Sociology. Area of specialization is open. Feel free to DM me if you have any questions about the position. Deadline is Nov. 20th!

http://jobs.",
https://bsky.app/profile/ponderosa121.bsky.social/post/3kvwkmifn7c25,[],real-world,"I'm hiring an assistant level communications/marketing position at my day job. If you know anyone who can work hybrid in Oakland, CA and is an excellent copywriter, DM me for more info. I work in miss",
https://bsky.app/profile/jonathanhorowi1.bsky.social/post/3lvdnkvtajs2b,[],real-world,"Our department at the University of Toronto is hiring an assistant professor of sociology of race / ethnicity this fall.

I'm not on the hiring committee but am very happy to talk to you about the pos",
https://bsky.app/profile/dxddymayaaa.bsky.social/post/3lbe5mnrwmk2w,"[""fraudulent-recruitment""]",real-world,If you need a job in Miami or you are close I will be hiring for a security $27 a hour for my shop from 9-5 easy money üíï,
https://bsky.app/profile/pghfoundation.bsky.social/post/3llh4lbgfrk2c,[],real-world,"Job opportunity! We're hiring a Guest Experience Coordinator to provide support to the Foundation‚Äôs public education programming, donor education and engagement opportunities, nonprofit training sessi",
https://bsky.app/profile/sciencehiring.com/post/3m2jsbggbdr2i,[],real-world,Hiring Alert üö® Company: Aditya Birla Chemical Post : Supply Chain & Logistics Location : Mumbai Maharashtra Shared By : www.sciencehiring.com Join Us For Daily Science Hiring Alert whatsapp.com/channe,
https://bsky.app/profile/goshdarn.bsky.social/post/3llpf7njid22r,[],real-world,Do you know of a summer internship for 16+ still taking applications? Or a summer workshop or interesting job? I'm helping add to a list for our HS students here in Central Jersey. Link me or drop a m,
https://bsky.app/profile/elsethgames.com/post/3lwbpp6sflc2f,"[""suspicious-recruitment""]",real-world,"‚ö†Ô∏è SOCIAL MEDIA MARKETING INTERNSHIP ‚ö†Ô∏è We're looking for a social media marketing intern to join the team! (Remote, contract 3 months) Pls email your CV to elsethgames(at)gmail(dot)com (don't DM me) ",
https://bsky.app/profile/toniai12.bsky.social/post/3kfhqnnmei32v,[],real-world,I have a position open for a summer internship in the department of Discovery Oncology at Genentech! A great opportunity for an early career scientist to do a research project and gain experience in i,
https://bsky.app/profile/sidj79.bsky.social/post/3lp2rkyyock2i,"[""suspicious-recruitment""]",real-world,"Imagine filtering hundreds of resumes in minutes. ü§Ø An n8n workflow does exactly that. Auto-screen based on job needs & save hours. Focus on candidates, not screening fatigue. DM me = CV I will provid",
https://bsky.app/profile/apranevicius.bsky.social/post/3lbewetld3s2p,"[""suspicious-recruitment""]",real-world,"Are you well-connected in Marketing, eCommerce, Finance, Real Estate, or Media? Let‚Äôs team up! I can help your network access affordable global talent recruitment solutions. If this sounds like a win,",
https://bsky.app/profile/sirvonchilds.bsky.social/post/3m3d3cuf4lk2i,[],real-world,"Anyways, my publicist/editor-in-chief is looking for an executive assistant. If you are in Atlanta and you want to work under a publicist to have a start in the fashion/entertainment industry and you ",
https://bsky.app/profile/botticellibelle.bsky.social/post/3lkoe5eaux22w,"[""fraudulent-recruitment""]",real-world,"The college where I work is hiring a new Alternative Formats manager. If any of y'all work in accessibility, are familiar w/ alt formats, want to join an awesome team & get paid *much more money* than",
https://bsky.app/profile/maggie.bsky.social/post/3lcgx6hf7x22r,"[""suspicious-recruitment""]",real-world,"We will probably also be hiring general product and infrastructure engineering as well soon - so if any of this sounds cool, feel free to send me a DM.

FWIW, this is the most interesting job I've eve",
https://bsky.app/profile/crittersweet.space/post/3luxy6r6tzs23,"[""suspicious-recruitment""]",real-world,"I could put in a word for you at my job, working remotely at a queer clinic and genuinely really love the work we do someone just left the department I work in, and I know we're hiring for other depar",
https://bsky.app/profile/vzhong.bsky.social/post/3lbmppktabk2w,[],real-world,"Are you on the job market? Our department at the University of Waterloo is hiring for multiple tenure track positions in CS, please apply here! Feel free to DM me with questions. cs.uwaterloo.ca/tenur",
https://bsky.app/profile/hcshulman.bsky.social/post/3lxs5ge2m3k22,[],real-world,"Our department is hiring! Assoc. or Full professor of Journalism. See our job ad here:

osu.wd1.myworkdayjobs.com/OSUCareers/j...

Feel free to DM me with questions. Ohio State and the School of Commu",
https://bsky.app/profile/oopsmadi1999.com/post/3ln2qq527zk2q,"[""fraudulent-recruitment""]",real-world,"hi friends. if ur 18+ and looking for a job or a side hustle, my business is hiring! we work with onlyfans models as assistants/managers so u dont have to worry about anyone finding out who u are. rn ",
https://bsky.app/profile/cmcgarry.bsky.social/post/3lhw5f2vtcs2l,[],real-world,"I'm hiring a Senior Writer to cover phones, tablets, and wearables for NYT Wirecutter! You'll write guides and short-form articles about the technology we rely on every day. You'll appear in social vi",
https://bsky.app/profile/eugenechua.bsky.social/post/3lgcajiocxc2n,[],real-world,"I'm hiring a 2-year postdoc to come work with me on any issue related to the philosophy of thermodynamics! Please DM me with any questions. Deadline for initial consideration March 3, midnight PT. Ple",
https://bsky.app/profile/kkaelin.bsky.social/post/3kdou4n2jto2i,[],real-world,"My department is hiring a one-year position in Europe and the World, 1500-1900! DM me with any questions. jobs.chronicle.com/job/37557421...",
https://bsky.app/profile/kwcollins.bsky.social/post/3lb6cyowlwy2j,[],real-world,".@Survey160 is hiring! We're looking for analysts and part-time senior analysts to help with our work on text message surveys. If you have questions or are interested, @ me or DM me, or see the full j",
https://bsky.app/profile/jacksonaustin.bsky.social/post/3lg4wz773yk2o,"[""suspicious-recruitment""]",real-world,INTERVIEW* INTERVIEW *INTERVIEW* !!! Powertofly Company is hiring to work from home and in the office We are recruiting new employees who will work with our company ( Powertofly Company ) Pay Rate: $3,
https://bsky.app/profile/gabime.bsky.social/post/3lja6s74ymc2c,[],real-world,Come and work with me! üì£ We have a User Researcher maternity cover vacancy at CDPS. Please share with your networks! This is a fixed-term contract role or secondment - DM me if interested in a secondm,
https://bsky.app/profile/jimmycalanchini.bsky.social/post/3l42c3h3cq722,"[""suspicious-recruitment""]",real-world,"Social cognition grad students & postdocs on the job market: 
Do you want to practice your job talk in my lab meeting? (Zoom or in-person)
Its a low-stakes opportunity to get constructive feedback & p",
https://bsky.app/profile/oxley.io/post/3laqeid5jko2m,[],real-world,"The @Oath Paranoids (security team for Yahoo, AOL, HuffPo, and 50+ brands) are hiring! Feel free to DM me questions www.oath.com/careers/job-...",
https://bsky.app/profile/catastrobot.bsky.social/post/3kzjunvw6uq24,"[""suspicious-recruitment""]",real-world,"So hey, idk if I‚Äôve mentioned on here lately, but the goofy little DC higher-ed nonprofit where I‚Äôve been working these last 3 years(!) is hiring for a couple of positions. They pay‚Ä¶ ok. Almost fully ",
https://bsky.app/profile/moshehazan.bsky.social/post/3m3e3272pr22w,[],real-world,"Job Altert! 
We‚Äôre hiring at Monash Economics! Join a research-active, friendly department in Melbourne, Australia‚Äîa brilliant city to live in. Supportive culture, strong research ecosystem, and salar",
https://bsky.app/profile/moadlc.bsky.social/post/3lktvehc5es2o,[],real-world,"üì£Job Opportunity!!üì£

Lumiere Education (online research program for high schoolers) is looking for a new: Partnerships and Growth Manager. 

See job description: docs.google.com/document/d/1...

DM me",
https://bsky.app/profile/connerton.bsky.social/post/3lu74d7yv5k2e,"[""suspicious-recruitment""]",real-world,My company is hiring a full time full remote (usa only) frontend developer with remix/react router experience. If that sounds like you or someone you know DM me for the job description.,
https://bsky.app/profile/zuev.bsky.social/post/3lmhjllxyz22f,[],real-world,"We are #hiring Software Engineers in Dublin, Ireland (mostly)!

stripe.com/jobs/listing...

If you want to get more details about the job, drop me a dm!
",
https://bsky.app/profile/trystantrest.bsky.social/post/3m2lgherumk2j,"[""suspicious-recruitment""]",real-world,"‚≠ê‚≠ê‚≠ê#Hiring - Thai Business Development & Sales Representative. Junior position.
Industry: eCommerce
Thai/English speaking and writing mandatory.
Fully remote (in Thailand)
Competitive salary + perform",
https://bsky.app/profile/anasambri.bsky.social/post/3letwaay4422u,[],real-world,"@newarab.com.web.brid.gy
 is hiring an investigative journalist. Must have right to work in the UK.

Feel free to DM me if it is of interest.

uk.indeed.com/job/investig...",
https://bsky.app/profile/vickyharp.com/post/3lavansommu2q,"[""fraudulent-recruitment""]",real-world,Men and women self assess against job requirements differently. So I am going to try something: not linking a job req! We're hiring developers on my team. I especially want you brilliant women who are,
https://bsky.app/profile/lizmillercu.bsky.social/post/3kahbkmqfu72h,[],real-world,"My new department (MCDB at University of Dundee) is hiring! The research environment up here is amazing, with a lot of infrastructure support, collaborative colleagues and wonderful environment. Pleas",
https://bsky.app/profile/stieberlab.bsky.social/post/3kefxp3gysc2l,[],real-world,"We're hiring 2 #chempostdoc for PUI faculty training doing research with undergraduates. Preferred experience in air-free organometallics and/or crystallography. Flexible start. $66,560K/yr + benefits",
https://bsky.app/profile/jfischman.bsky.social/post/3kf6sae5zwg25,[],real-world,"Want to write/edit at Scientific American? We're hiring! We want a technology writer / editor to cover AI, drones, misinformation, innovative apps, etc. Lots of fun, challenges & work with a great tea",
https://bsky.app/profile/halflingbard.bsky.social/post/3laolbshg4s2z,[],real-world,"If you are a #plantperson in the Fort Edward, NY area we are hiring retail associates at my job! Dm me for details!
Share this to get it to the right people please!!",
https://bsky.app/profile/docdanpgh.bsky.social/post/3lcbajzmehk2e,"[""suspicious-recruitment""]",real-world,"If you live in the Pittsburgh region, and are looking for a job, my employer is hiring for a variety of positions, with varying levels of education and experience. This is for high-tech manufacturing,",
https://bsky.app/profile/alice.mosphere.at/post/3kc2tbheesl2w,[],real-world,"any full stack JS/TS devs looking for a job? we're hiring. DM for details if we know each other enough

and by DM i mean find me on discord (aliceisjustplaying) or any other social media platform wher",
https://bsky.app/profile/kvlly.com/post/3lagwpefzjv2x,"[""suspicious-recruitment""]",real-world,"Content creator friends: We're hiring for a fun role at Spot AI to focus on video content creation. (You'll get to work with me!)

If you know anyone interested or you're interested DM me!

job-boards",
https://bsky.app/profile/alleonbucci.bsky.social/post/3lvynm5afak2j,"[""suspicious-recruitment""]",real-world,My job is hiring like crazy rn. Dm me for deets,
https://bsky.app/profile/samuel-bagg.bsky.social/post/3lvvkaokzzs2z,[],real-world,"üö®Job Alert üö® My department is hiring! We are advertising for three positions, including an open-subfield Assistant Professor with a focus on ""Problems of Democracy,"" for which political theorists will",
https://bsky.app/profile/xemterpretations.bsky.social/post/3lbiu63kr4k27,"[""fraudulent-recruitment""]",real-world,My job is hiring part-time customer support reps. It's fully remote (literally can work from the beach as long as you have a strong wifi connection) and nowhere near as high pressure as other customer,
https://bsky.app/profile/kencrockett.com/post/3laskc4g3cq2a,"[""fraudulent-recruitment""]",real-world,Oh and I almost forgot we are hiring from what I heard they need at least 90 new people before the end of the year! Need a job? DM ME!,
https://bsky.app/profile/taterontech.dev/post/3lb6xlnasso2l,"[""suspicious-recruitment""]",real-world,"Attention Sysadmins and Senior Helpdesk engineers I am hiring for an IT Lead. Drop me your Resume, or DM me for a link to the Job Posting.",
https://bsky.app/profile/dylanlyons.bsky.social/post/3lf45rt3mxs2a,[],real-world,"NYC bloomfs: I'm hiring a part-time, freelance Video Writer/Producer to work with me on video content for StreetEasy! ~10-15 hours per week, $65-70 hourly rate. DM me with questions or if you'd like t",
https://bsky.app/profile/jeremymorrell.dev/post/3laswrc3ypg2k,"[""suspicious-recruitment""]",real-world,"Interested in OpenTelemetry? Wanna work with me? We're hiring for the Observability team at Heroku. We're building tooling for internal teams, and the org culture is the most supportive I've ever expe",
https://bsky.app/profile/joergfriedrich.bsky.social/post/3kc45vqfy4l2u,"[""suspicious-recruitment""]",real-world,HELP!! Hiring ‚Äì Teamassistenz (M/W/D) ‚Ä¶ Is your next career move with me and the WORK Marketingteam? Apply or send me a DM work-microwave.softgarden.io/job/36391367...,
https://bsky.app/profile/petar.dev/post/3liov2acews2q,[],real-world,"We are hiring an #elixirlang engineer in the EU (UK, Ireland, Netherlands, Spain or Portugal). No need to already know Elixir. We will teach you. Want to work on an amazing team? Go here: job-boards.g",
https://bsky.app/profile/cjewel.sfba.social.ap.brid.gy/post/3lqdeujrcjek2,[],real-world,My Calif based company (~50 employees) is hiring a Web Developer. Job is fully remote. Financial/Insurance. DM me if you want more info.,
https://bsky.app/profile/um-itsavalie.bsky.social/post/3ln2qpvwsok2q,"[""fraudulent-recruitment""]",real-world,"hi friends. if ur 18+ and looking for a job or a side hustle, my business is hiring! we work with onlyfans models as assistants/managers so u dont have to worry about anyone finding out who u are. rn ",
https://bsky.app/profile/wesley83.bsky.social/post/3lbwwjrn3k42v,[],real-world,"We're hiring! Are you a Android developer and company culture is really important to you?
Then come work with me at @trydaily!

Check out the job description and the pay rate is listed there too. If y",
https://bsky.app/profile/bfuhrman.bsky.social/post/3kwseex42iq26,[],real-world,"Hey! They're hiring a replacement for my old position at Oakland University (just north of Detroit, MI). If you're interested, feel free to DM me any questions. jobs.oakland.edu/postings/31777",
https://bsky.app/profile/chibear20.bsky.social/post/3lxdfqogwhs22,"[""suspicious-recruitment""]",real-world,"So, Dad has a day job protecting families and building wealth through life insurance products. AND, I am hiring. Work from home, or wherever you want to be. Want to learn more and join the Daddy Bear ",
https://bsky.app/profile/adamchalmers.com/post/3lbumjwcp6k2f,[],real-world,"We're hiring! If you know a graphics/C++ engineer who wants to build a new CAD kernel, please apply or DM me for more about the role! The job is probably 2:1 ratio of C++ to Rust, but it can skew high",
https://bsky.app/profile/twolemonades.com/post/3lp7zf43wak2d,[],real-world,"My squad is hiring a marketing campaign analyst. It's a role for someone who LOVES data. 

Other notes:
- We're a Marketo + SFDB shop, so you definitely need to have familiarity with that ecosystem
- ",
https://bsky.app/profile/twolemonades.com/post/3lnxnhubuls2c,[],real-world,"My org is hiring a fully remote ""platform specialist."" No degree needed. Affinity for data & analysis required. Job is to monitor social media platforms & other data to identify cyber risks like imper",
https://bsky.app/profile/emilypeck.bsky.social/post/3lweyrzfx7c2l,"[""suspicious-recruitment""]",real-world,"Are you holding on to your current job tightly, cognizant that hiring opportunities are few and far between? Reach out to me for a story emily.peck@axios.com or DM. Thank you for your attention to thi",
https://bsky.app/profile/applecake.bsky.social/post/3kzjhp6d4vo2g,"[""suspicious-recruitment""]",real-world,"My WTF side job is urgently hiring 200 casuals to work on the big national Graduate Outcomes Survey, so if anyone wants an extra few quid between now and December drop me a DM.",
https://bsky.app/profile/thebigcow.bsky.social/post/3lz4ydhgzg22u,"[""suspicious-recruitment""]",real-world,"If you're looking for a job in B2B software Sales/Go-To-Market, DM me #jobs #Jobsky #hiring
",
https://bsky.app/profile/avaliegracehypno.bsky.social/post/3ln2qpb37fk2q,"[""fraudulent-recruitment""]",real-world,"hi friends. if ur 18+ and looking for a job or a side hustle, my business is hiring! we work with onlyfans models as assistants/managers so u dont have to worry about anyone finding out who u are. rn ",
https://bsky.app/profile/v1k0d3n.bsky.social/post/3lb4fvoxdvo2g,[],real-world,"I love that my job, as in what i get paid to do(!), is to go to Meetups and talk to all of you awesome people about something I already love talking/learning about...#kubernetes. Does this sound like ",
https://bsky.app/profile/sebstier.bsky.social/post/3lcj7yalbrc2s,[],real-world,We‚Äôre hiring a Team Lead at the GESIS Computational Social Science department üåê Passionate about open science & innovative methods for digital behavioral data? Join us to shape the future of CSS! üíªüìä ‚ùì,
https://bsky.app/profile/did:plc:wubzpn3pqh4i6jkmehotekof/post/3ldhfhdokus2d,[],real-world,"Might be hiring a part time junior PM in January. Starting at 1 day a week. DM me for job description, etc!",
https://bsky.app/profile/dimitrisp.bsky.social/post/3lip5qwafos2j,[],real-world,Come work with us at MSR AI Frontiers and help us figure out reasoning! We're hiring at the Senior Researcher level (eg post phd). Please drop me a DM if you do! jobs.careers.microsoft.com/us/en/job/1,
https://bsky.app/profile/shadocat.bsky.social/post/3k5lr7kbqdw2r,"[""suspicious-recruitment""]",real-world,"Hey yall...

So I work at the JW Marriott in DC and they are in a bit of a hiring spree.

If you live in the DC area and can use a job (full time or part time), DM me on telegram (link in profile)",
https://bsky.app/profile/tuomohartonen.bsky.social/post/3lxhkfygtwk2f,[],real-world,"I am hiring! üéì

We offer a fully funded PhD student position to work on exciting machine learning projects utilizing rich, multimodal real-life health data, based at 
@fimm-uh.bsky.social
 in Helsinki",
https://bsky.app/profile/seaofceres.bsky.social/post/3likxexqnak2y,"[""suspicious-recruitment""]",real-world,"My current job is hiring for another position on my team. 17/hr, fully remote in USA, medical document review and phone calls are primary job functions. If we're mutuals or have at least talked in the",
https://bsky.app/profile/toddbuell.bsky.social/post/3kecs6e2dwc2e,[],real-world,Journalism Job Alert: Law360 is hiring a new reporter to cover tax issues in the EU on a short-term basis. Position will be based in Brussels and will last for six months. Feel free to DM me a CV if y,
https://bsky.app/profile/davidivorsmith.bsky.social/post/3lpmokeze5k2r,[],real-world,"We at Huawei Ireland Research Center are Hiring.
If you want to chat re any Roles, drop me a DM .
Great team, cutting edge real-world research

Job Openings here
lnkd.in/e5GCU42Q
lnkd.in/e9ytFTEN",
https://bsky.app/profile/kimikimi-more.bsky.social/post/3lhconswqok2h,[],real-world,üì£ NOW HIRING: Chicago #gaming content creators! My [Fortune 500 company] is hiring for 2 (TWO) in Chicagoland! ‚ú®Benefits ‚ûï $60-75k ‚ûï MOSTLY remote (some days you'll go to the downtown #Chicago studio),
https://bsky.app/profile/mbbischoff.com/post/3lboxkanu4y2g,[],real-world,"üö® Good Job Alert: Our client @MimeoPhotos is hiring a Director of Development to oversee their macOS / iOS apps for printing photobooks, cards, and calendars. Remote, NYC, or Memphis. If you‚Äôre intere",
https://bsky.app/profile/erinmcgroarty.bsky.social/post/3lrvdvy243c2m,[],real-world,The Cap Times is #hiring a K-12 education reporter. DM me with any questions and find the job listing here: journalismjobs.com/1690965-educat‚Ä¶,
https://bsky.app/profile/idillig.bsky.social/post/3m3slwmwoek2h,[],real-world,"UTCS is hiring in all areas, including PL! Please DM me if you are on the job market this year and interested in joining our wonderful department :)",
https://bsky.app/profile/dollhousecreators.com/post/3ln2qpo5i622q,"[""fraudulent-recruitment""]",real-world,"hi friends. if ur 18+ and looking for a job or a side hustle, my business is hiring! we work with onlyfans models as assistants/managers so u dont have to worry about anyone finding out who u are. rn ",
https://bsky.app/profile/professorkd.bsky.social/post/3lxzwegtrcc2i,[],real-world,"University of Utah Dept of Sociology and Criminology is hiring a tenure track assistant professor! I‚Äôm happy to chat and answer any questions about the job, SLC, etc. DM or email me.

PS: we are a gre",
https://bsky.app/profile/mnmatch.bsky.social/post/3lgqqd2kuw224,"[""suspicious-recruitment""]",real-world,"üö® Hiring in Manufacturing? üö®

Streamline your recruitment process with expert support! I‚Äôll help craft job ads, screen candidates, and schedule interviews all while keeping your pipeline organized. Le",
https://bsky.app/profile/gliadkovskaya.bsky.social/post/3lbkrjrlp5n24,[],real-world,"üö®üö®Journalism job alert: 

Come work with us at Fierce Healthcare. We're hiring a staff writer to cover payers + health tech. You can work remotely! 

DM me with questions! ...",
https://bsky.app/profile/melodicnoise.bsky.social/post/3ll5mtuajfc2n,[],real-world,My day job is hiring. If you're looking for a corporate full stack developer job DM me for more details.,
https://bsky.app/profile/jfischman.bsky.social/post/3lgh7gmax722n,[],real-world,"Scientific American is hiring! A senior tech reporter, to be exact. It's a great writing job with great colleagues and huge impact. Please spread the word and DM me with any questions. Here's the offi",
https://bsky.app/profile/drivelinesolution.bsky.social/post/3lha3m3to4k2h,[],real-world,"Are you a mom looking for WFH job, we‚Äôre currently hiring at driveline solutions. Be sure to send me a dm if this is something you‚Äôre interested on",
https://bsky.app/profile/jasoncantone.bsky.social/post/3k6maooq6qn2j,[],real-world,Interested in @AltacJobs applying data analysis skills to federal court data? We‚Äôre hiring a data resources specialist. It‚Äôs a term one-year position with possibility of renewal. DM me with questions.,
https://bsky.app/profile/jonesyjen.bsky.social/post/3li2ovaxi7225,[],real-world,Job hunting #PR pros in ATL. I know of an agency seeking a mid-level AS/Director. DM me if interested. #hiring,
https://bsky.app/profile/nickharris.bsky.social/post/3lawjedwzpr22,[],real-world,"üíº Any experienced Shopify Devs looking for a job or job change? We're hiring! Mention below or DM me, please.",
https://bsky.app/profile/vicbar.bsky.social/post/3kcnmwb5hqf2u,[],real-world,"Melbourne is hiring more teaching-focused faculty! The positions are new and offer lots of opportunities, please email/DM me or 
@dprbyrne.bsky.social
 for more info!

Official job ad below

jobs.unim",
https://bsky.app/profile/noahreid.bsky.social/post/3l666p36n542u,[],real-world,"UConn's Computational Biology Core is hiring a core scientist. We do research, training, and support users of our HPC. The position will be focused on supporting UConn Health. Please reskeet, and DM m",
https://bsky.app/profile/hoagietime.bsky.social/post/3k7by7evjbj2z,[],real-world,JOB ALERT: FSU is hiring another tenure-track music theory professor! I am happy to answer any questions and chat about the job. Come on down! (also can someone post this on threads and mastodon and h,
https://bsky.app/profile/melwoods.me/post/3lffu7daps22x,[],real-world,"JOURNALISM JOB:

Pink Triangle Press (Xtra's parent company) is hiring a Community Manager to work on an exciting new health content project. 

Remote full-time work. Must be based in Canada, must be ",
https://bsky.app/profile/camilleroberts.bsky.social/post/3m52mr6sipy2e,[],real-world,"üöÄ Career moves await! Federal & private sectors are hiring for: 

Clinical Psychologist ‚Äì Program Manager 
Supervisory Speech-Language Pathologist 
Senior Capture Manager 

Check full job descriptions",
https://bsky.app/profile/kurtlab.bsky.social/post/3lar6aryoic2i,[],real-world,"UW Mechanical Engineering is hiring! We have multiple faculty positions available, including one in medical imaging physics. Please feel free to DM me with any questions and hope you help spread the w",
https://bsky.app/profile/richterscale.bsky.social/post/3lhh5twlkkc2m,[],real-world,Are you looking for a job in a non-profit scholarly association in the DC area? My association is hiring for two positions right now: a membership manager and an accounting specialist. Competitive pay,
https://bsky.app/profile/biophysicsguy.bsky.social/post/3kmut352gj22o,[],real-world,"We‚Äôre hiring postdocs and a lab tech! Experimental & computational people welcome; come learn about GPCRs, cryoEM, MD/FEP, drug discovery, method development and more! Feel free to DM me for more info",
https://bsky.app/profile/radobrien.myatproto.social/post/3li3f3fmnvs2d,"[""suspicious-recruitment""]",real-world,"If anyone's looking for a online, full remote, full benefits job teaching, guaranteed to never be in person, please DM me.  My company's hiring",
https://bsky.app/profile/brilarson.bsky.social/post/3kbgt2fweqw2d,[],real-world,"Cincinnati is hiring! I‚Äôve only been here for a few months, but if you have any questions about the department or Cincinnati generally feel free to DM me! ü•≥

philjobs.org/job/show/24834
",
https://bsky.app/profile/sarcasticbarbie.bsky.social/post/3lifppetqic2p,"[""fraudulent-recruitment""]",real-world,"Truly if you are looking for some steady work please dm me. I just need help around the house since I‚Äôm in the wheelchair, while 
@jjorbles.bsky.social
 is at work sometimes when he‚Äôs home. House is e",
https://bsky.app/profile/baseballot.bsky.social/post/3ksyuzs2cto2h,[],real-world,Come work with me! 538 and ABC News are hiring a politics editor: jobs.disneycareers.com/job/washingt... DM or email with any questions!,
https://bsky.app/profile/michaeltremmel.bsky.social/post/3loodc43ee22i,[],real-world,Hey I‚Äôm hiring a 4-year PhD student in #astronomy at UCC to work on studying massive black holes in cosmological simulations! Fast turn around on this bc it is so late (due 6 June) but please pass on ,
https://bsky.app/profile/alexhillman.com/post/3l72ikgxpoy2v,[],real-world,"Unique job alert! I know a fairly small org that's doing very impactful work in the tech hiring space. 

They need an *experienced* sales leader/director to build and own relationships with the compan",
https://bsky.app/profile/jazzguineapig.bsky.social/post/3kzlezqjxs22t,"[""fraudulent-recruitment""]",real-world,"at this point id happily trade sexual favors for a job. morally dubious hiring managers in the KC metro area, dm me!",
https://bsky.app/profile/lirantal.com/post/3lyxvmysc5w23,[],real-world,"Snyk is hiring in Zurich üá®üá≠ 

If you're following me as a TS / JavaScript dev then Senior Managers with TypeScript could still be considered for the job with strong system design skills.

Apply to the",
https://bsky.app/profile/claire.gamerguides.com/post/3lgdkjnb4m22y,[],real-world,Hello all: we are unexpectedly hiring for a freelance Database and Maps Editor. Ideally a full time commitment and someone with games media experience already. Full Job post: www.gamerguides.com/jobs/,
https://bsky.app/profile/lauraderksen.bsky.social/post/3kdlulqthhv2t,[],real-world,"Oslo Met is hiring an associate prof in econ! What a nice department. Deadline 26 Nov. If you want to know more about life in a Nordic utopia feel free to dm me 
www.oslomet.no/en/work/job-...",
https://bsky.app/profile/hermenvisser.bsky.social/post/3lc4bzwkxzs2r,[],real-world,We are hiring! My team supports scientists around career defining communication moments (eg job- and ERC interviews and keynotes). We want to establish a pool of freelance graphic designers with acade,
https://bsky.app/profile/josiah.writes.news/post/3lbl6bfjqap2x,[],real-world,"MyLondon are hiring for something similar to my last role. It‚Äôs a cool gig with nice people

DM me if you have questions and do fwd to journos you think would be keen (esp. those from under-represente",
https://bsky.app/profile/wendishen.bsky.social/post/3laootdv4tf22,[],real-world,"If you or anyone you know is looking for a new position as a Senior Software Engineer in the great state of Michigan, my company is hiring. DM me for link to the job description.",
https://bsky.app/profile/schooldaves.bsky.social/post/3m4v6ags6mc2k,[],real-world,"We‚Äôre hiring a tenure track faculty in higher education at SHU. 

DM me for details! 

Forward widely to students and colleagues. jobs.shu.edu/cw/en-us/job...",
https://bsky.app/profile/jeremymorrell.dev/post/3k6qo4xicwh25,[],real-world,"Interested in OpenTelemetry? Wanna work with me? We're hiring for the Observability team at Heroku. We're building tooling for internal teams, and the org culture is the most supportive I've ever expe",
https://bsky.app/profile/capricorn007.bsky.social/post/3lcg5dkkams2r,[],real-world,My job is hiring for a senior executive assistant. DM me your LinkedIn profile if you're interested!,
https://bsky.app/profile/bethreads.bsky.social/post/3k56hrngy5n22,[],real-world,If I know any youth/collection development librarians that might be into a Cleveland based hybrid job my team is hiring. 2 days/wk in office. Dm me,
https://bsky.app/profile/michelecrepaz.bsky.social/post/3l2v7igt43r2n,[],real-world,"üö® The ReCiv project is hiring soon!

I am looking for a #postdoc to work at QUB with me and superstar Wiebke Marie Junk on the resilience of interest groups

sites.google.com/view/michele...

Benefits",
https://bsky.app/profile/camilleroberts.bsky.social/post/3lrirjcanu322,[],real-world,"Microsoft is hiring a remote Executive Business Administrator to support a CVP on the Azure Fleet Capacity team! Strategic leadership support, stakeholder coordination, and more!  
Need help? DM me! 
",
https://bsky.app/profile/revanche.bsky.social/post/3lsasgz5wn22e,[],real-world,"Nice to meetcha pandacabra! DM me if you want to talk job hunt, I'll be happy to take some info and pass along to other hiring managers if I spot a potential fit.",
https://bsky.app/profile/sovereign.tech/post/3m4xhudkjgk2t,[],real-world,"We're #hiring a new Head of the Sovereign Tech Fund! üöÄ

The #SovereignTechFund is the flagship program of the Sovereign Tech Agency. Since 2022, we've invested in critical #opensource infrastructure‚Äîf",
https://bsky.app/profile/ryancordell.org/post/3m4xwdlcnts2n,[],real-world,"Job alert! 

@ischoolui.bsky.social
 is hiring in 4 areas this year

Early literacies: illinois.csod.com/ux/ats/caree...

Information behavior/HCI/UX: illinois.csod.com/ux/ats/caree...

Information, C",
https://bsky.app/profile/juangallego.bsky.social/post/3m4szpo5fds2w,[],real-world,"üö®Job alertüö® 

The lab has up to *3 postdoc openings* for comp systems neuroscientists interested in describing and manipulating neural population dynamics mediating behaviour

This is part of a collab",
https://bsky.app/profile/drwendyrocks.bsky.social/post/3m4vvdo76e226,[],real-world,"üö®JOB ALERT : ENGINEERING SEISMOLOGIST üö®

Come and work with us in the Seismic Hazards Program at the California Geological Survey! 

üí∞ $6,488 - $12,215 / month

üìÜ Application due: 11/17/2025

calcaree",
https://bsky.app/profile/juliasaltz.bsky.social/post/3m4vjdhrfbs23,[],real-world,"My lab at Indiana University is searching for a *postdoc* and *technician* to contribute to our work studying the evolution of social behavior using fruit flies as a model system. Details below, feel ",
https://bsky.app/profile/trainlikedime.bsky.social/post/3m4vl6lrv4c25,[],real-world,"JOB ALERT üö®

Hiring my first nurse for a virtual mental health program focused on eating disorders! üíö

Part-time | Equipment provided | Multi-state licensing support included.

Looking for a strong LP",
https://bsky.app/profile/stefanb23.bsky.social/post/3m4xfvexh5c2a,[],real-world,"*Job alert* We are advertising two opportunities 
@manchester.ac.uk
, linked to the JUST centre (www.just.ac.uk)
- A Post-Doctoral Research Associate on Social & Built Infrastructure  (www.jobs.manche",
https://bsky.app/profile/conteurohistory.bsky.social/post/3m4pzwchvbk2e,[],real-world,"üö® Job Alert!

We're recruiting a part-time freelance managing editor to join the CEH editorial team. 

Applications are due by 30 November 2025.

Full details and application process here:

www.cambri",
https://bsky.app/profile/larajobs.com/post/3m4xy2o74hz2i,[],real-world,"üöÄ New Job Alert! 

1nHealth Inc. is hiring a Senior Full Stack Developer to work with React and Laravel. Join a mission-driven team aiming to improve global health outcomes. Remote work available! 

A",
https://bsky.app/profile/saoirsedepaor.bsky.social/post/3m54ajj75fc2y,"[""suspicious-recruitment""]",real-world,"Job alert üö® 
MU is recruiting a Teaching & Learning Librarian. 

This is a permanent, full-time position offering the opportunity to develop a wide range of skills, valuable experience, and build prof",
https://bsky.app/profile/skahmn.bsky.social/post/3m4qeijxsyk2c,[],real-world,"üì¢üì¢üì¢ Job alert !! üì¢üì¢üì¢

We are looking for a new member of our research team (doctoral student or postdoc) whose focus will be on LED fabrication and characterisation.

For further particulars, please c",
https://bsky.app/profile/joshsternberg.com/post/3m4qbhrpok22f,[],real-world,"üö®Journalism job alertüö®

We're looking for a reporter at CFO Brew with experience covering corporate finance. 

Like not having to be on the hamster wheel of content, and instead write process stories ",
https://bsky.app/profile/baruchhistory.bsky.social/post/3m4qbh7mkcs2g,[],real-world,"Follow
üö®Tenure track job. Final alertüö®
The 
@cuny.edu
 
@baruch.cuny.edu
 history department is accepting applications for the position of assistant professor of the history of South Asia. Deadline is",
https://bsky.app/profile/terma95.bsky.social/post/3m4uvklhb7m24,"[""suspicious-recruitment""]",real-world,"Remote job alert!
work from home, flexible hours!
join our team, competitive pay!
reliable internet required
apply now, start your journey!
be part of something amazing!",
https://bsky.app/profile/jobsbykelly.bsky.social/post/MOCK0,"[""suspicious-recruitment""]",mock,We‚Äôre looking for part-time remote assistants. Flexible pay. DM for details.,True
https://bsky.app/profile/consultlab_co.bsky.social/post/MOCK1,"[""suspicious-recruitment""]",mock,My small consulting team is hiring a virtual scheduler. Message me if you‚Äôre interested,True
https://bsky.app/profile/typefix_editor.bsky.social/post/MOCK2,"[""suspicious-recruitment""]",mock,"Hiring! Work-from-home proofreading role. No official website yet, DM me.",True
https://bsky.app/profile/maria_ops.bsky.social/post/MOCK3,"[""suspicious-recruitment""]",mock,I need a remote admin assistant for 10 hrs/week. Pay negotiable. DM.,True
https://bsky.app/profile/brandstarter.bsky.social/post/MOCK4,"[""suspicious-recruitment""]",mock,Anyone want a part-time gig helping with social media scheduling? Pay per task.,True
https://bsky.app/profile/studio88_create.bsky.social/post/MOCK5,"[""suspicious-recruitment""]",mock,We‚Äôre expanding our creative team and need a junior designer. Message for JD.,True
https://bsky.app/profile/shophelperhub.bsky.social/post/MOCK6,"[""suspicious-recruitment""]",mock,Remote customer support role for small e-commerce business. No experience needed. DM.,True
https://bsky.app/profile/researchsidework.bsky.social/post/MOCK7,"[""suspicious-recruitment""]",mock,Looking for researchers to assist with small projects. DM if you have availability.,True
https://bsky.app/profile/studyassist_global.bsky.social/post/MOCK8,"[""suspicious-recruitment""]",mock,Hiring remote note-takers for online classes. Pay varies per session.,True
https://bsky.app/profile/lifebylina.bsky.social/post/MOCK9,"[""suspicious-recruitment""]",mock,Need someone to help me with inbox management & calendar. DM if organized!,True
https://bsky.app/profile/transcribe_daily.bsky.social/post/MOCK10,"[""suspicious-recruitment""]",mock,Short-term remote transcription gig. Must type fast. DM me for test sample.,True
https://bsky.app/profile/gametalkcrew.bsky.social/post/MOCK11,"[""suspicious-recruitment""]",mock,Hiring! Online moderators for a small Discord community. Paid role.,True
https://bsky.app/profile/budgetbuddy_team.bsky.social/post/MOCK12,"[""suspicious-recruitment""]",mock,Looking for someone to help with basic finance spreadsheets. Remote. Message if interested.,True
https://bsky.app/profile/outreachflow_co.bsky.social/post/MOCK13,"[""suspicious-recruitment""]",mock,My startup is hiring part-time outreach coordinators. Pay via PayPal.,True
https://bsky.app/profile/privateprojectlab.bsky.social/post/MOCK14,"[""suspicious-recruitment""]",mock,Anyone want a research assistant role for a personal project? DM for details.,True
https://bsky.app/profile/reviewdesk_global.bsky.social/post/MOCK15,"[""suspicious-recruitment""]",mock,Remote content reviewer needed. Contract basis. No website yet.,True
https://bsky.app/profile/smallbrandboost.bsky.social/post/MOCK16,"[""suspicious-recruitment""]",mock,Need part-time help for social media outreach. Pay per campaign.,True
https://bsky.app/profile/tutorconnecthub.bsky.social/post/MOCK17,"[""suspicious-recruitment""]",mock,Flexible remote tutoring role available. No formal interview. DM to start.,True
https://bsky.app/profile/collegehelp_zone.bsky.social/post/MOCK18,"[""suspicious-recruitment""]",mock,Looking for online study buddies who can help track assignments (paid).,True
https://bsky.app/profile/editcircle_collective.bsky.social/post/MOCK19,"[""suspicious-recruitment""]",mock,Join our small editing collective ‚Äî part-time work available.,True
https://bsky.app/profile/fitprogress_team.bsky.social/post/MOCK20,"[""suspicious-recruitment""]",mock,Hiring remote fitness accountability coaches. Must be motivational!,True
https://bsky.app/profile/pixelquest_dev.bsky.social/post/MOCK21,"[""suspicious-recruitment""]",mock,Need outreach ambassadors for a small indie game. Paid per referral.,True
https://bsky.app/profile/eventsbyjenny.bsky.social/post/MOCK22,"[""suspicious-recruitment""]",mock,I'm hiring a part-time assistant to help coordinate local events. Small stipend.,True
https://bsky.app/profile/docsort_lab.bsky.social/post/MOCK23,"[""suspicious-recruitment""]",mock,Hiring remote file organizers ‚Äî must sort PDFs for research project.,True
https://bsky.app/profile/futureleaders_org.bsky.social/post/MOCK24,"[""suspicious-recruitment""]",mock,We‚Äôre adding online volunteers for our nonprofit mentorship group. Some roles paid.,True
https://bsky.app/profile/globalwork247.bsky.social/post/MOCK25,"[""fraudulent-recruitment""]",mock,"Work from home ‚Äî earn $3,000/week guaranteed! Start today. Msg on WhatsApp: NUMBER_REDACTED.",True
https://bsky.app/profile/easyincomehub.bsky.social/post/MOCK26,"[""fraudulent-recruitment""]",mock,Remote typing job $500/day. Limited slots. Apply: bit.ly/fastapply-work,True
https://bsky.app/profile/adminjobsfast.bsky.social/post/MOCK27,"[""fraudulent-recruitment""]",mock,You‚Äôve been selected for an online assistant role. Pay $45/hr. DM for onboarding fee info.,True
https://bsky.app/profile/bestonlinejobs2025.bsky.social/post/MOCK28,"[""fraudulent-recruitment""]",mock,Immediate hire! Chat operator needed. Earn $200/day from phone. Telegram link: t.me/join_fast_now,True
https://bsky.app/profile/surveycashcenter.bsky.social/post/MOCK29,"[""fraudulent-recruitment""]",mock,Paid survey testers needed ‚Äî upfront deposit $30 required to activate account.,True
https://bsky.app/profile/verifiedteam_hr.bsky.social/post/MOCK30,"[""fraudulent-recruitment""]",mock,Remote job offer ‚Äî must send ID and bank details to verify.,True
https://bsky.app/profile/paynetwork_fast.bsky.social/post/MOCK31,"[""fraudulent-recruitment""]",mock,Earn $150/day liking posts! Join our program: tasks-paynow.app/login,True
https://bsky.app/profile/quickhireonline.bsky.social/post/MOCK32,"[""fraudulent-recruitment""]",mock,Apply for remote customer chat support (no interview). Just pay $49 training fee.,True
https://bsky.app/profile/giftpayjobs.bsky.social/post/MOCK33,"[""fraudulent-recruitment""]",mock,Hiring remote assistants. Payment via gift cards only. DM to start!,True
https://bsky.app/profile/bookkeeperfast_apply.bsky.social/post/MOCK34,"[""fraudulent-recruitment""]",mock,Online bookkeeping job ‚Äî $800/week. Register using Google Form: FORM_LINK_REDACTED.,True
https://bsky.app/profile/dailyincomeplus.bsky.social/post/MOCK35,"[""fraudulent-recruitment""]",mock,Limited openings! Earn $300 daily doing simple tasks online. Apply now: quicktasks.vip,True
https://bsky.app/profile/creatorsagencyfast.bsky.social/post/MOCK36,"[""fraudulent-recruitment""]",mock,Remote model coordinator needed for OF creators. $500/day. DM to apply.,True
https://bsky.app/profile/jobactivationcenter.bsky.social/post/MOCK37,"[""fraudulent-recruitment""]",mock,Immediate hire! Training fee required before we send login credentials.‚Äù,True
https://bsky.app/profile/easyentryjobs24.bsky.social/post/MOCK38,"[""fraudulent-recruitment""]",mock,New remote data entry position ‚Äî no company info until after deposit. Trust the process!,True
https://bsky.app/profile/microgig_world.bsky.social/post/MOCK39,"[""fraudulent-recruitment""]",mock,Pay-per-task microjobs. Cashout instantly via Zelle. Must send SSN for verification.,True
https://bsky.app/profile/toolkitrequiredjobs.bsky.social/post/MOCK40,"[""fraudulent-recruitment""]",mock,Hiring! Work from home sorting emails. Must pay for toolkit first.,True
https://bsky.app/profile/workeasysetup.bsky.social/post/MOCK41,"[""fraudulent-recruitment""]",mock,Recruiting remote helpers. No skills needed. DM for onboarding fee instructions.,True
https://bsky.app/profile/videorepostearn.bsky.social/post/MOCK42,"[""fraudulent-recruitment""]",mock,Earn $200/day reposting videos. Must download ‚ÄòPayNow Pro App‚Äô using unknown APK.,True
https://bsky.app/profile/cryptotradeassist.bsky.social/post/MOCK43,"[""fraudulent-recruitment""]",mock,Assistant needed for crypto trading tasks. Share profits! Contact on Telegram.,True
https://bsky.app/profile/privateagent_job.bsky.social/post/MOCK44,"[""fraudulent-recruitment""]",mock,Remote call agent job. Must text recruiter privately at PHONE_REDACTED.,True
https://bsky.app/profile/parcelworkglobal.bsky.social/post/MOCK45,"[""fraudulent-recruitment""]",mock,Hiring parcel coordinators ‚Äî receive packages and reship. Pay $300 per package.,True
https://bsky.app/profile/dailyapprovecenter.bsky.social/post/MOCK46,"[""fraudulent-recruitment""]",mock,Admin job: You earn $100/day approving transactions. Must give bank login.,True
https://bsky.app/profile/taskfee_jobs.bsky.social/post/MOCK47,"[""fraudulent-recruitment""]",mock,Work from home agent ‚Äî complete your first task after $20 activation fee.,True
https://bsky.app/profile/brandpromopay.bsky.social/post/MOCK48,"[""fraudulent-recruitment""]",mock,Get paid to promote brands online. $500 per brand ‚Äî DM to join private group.,True
https://bsky.app/profile/homepackcenter.bsky.social/post/MOCK49,"[""fraudulent-recruitment""]",mock,Earn $$ weekly packing items at home. Training video fee $15.,True
https://bsky.app/profile/luxshopassist.bsky.social/post/MOCK50,"[""fraudulent-recruitment""]",mock,Hiring remote personal shoppers. Send ID to apply.,True
https://bsky.app/profile/teleworkfast2025.bsky.social/post/MOCK51,"[""fraudulent-recruitment""]",mock,Telegram-only remote job ‚Äî high pay guaranteed.,True
https://bsky.app/profile/tutorstarterkits.bsky.social/post/MOCK52,"[""fraudulent-recruitment""]",mock,Online tutoring job. No interview. Buy starter kit to begin.,True
https://bsky.app/profile/cryptopaystaff.bsky.social/post/MOCK53,"[""fraudulent-recruitment""]",mock,Remote warehouse coordinator ‚Äî pay sent via crypto only.,True
https://bsky.app/profile/superfastjobs.bsky.social/post/MOCK54,"[""fraudulent-recruitment""]",mock,Quick hire! Need many assistants for simple computer tasks. Training fee applies,True
https://bsky.app/profile/entryjobsfast.bsky.social/post/MOCK55,"[""fraudulent-recruitment""]",mock,Data entry: $250/day. Application via suspicious domain: entry-jobs.win/apply,True
https://bsky.app/profile/agentonlinecenter.bsky.social/post/MOCK56,"[""fraudulent-recruitment""]",mock,Become a remote agent today ‚Äî pay $30 fee to activate your dashboard.,True
https://bsky.app/profile/hrglobalquick.bsky.social/post/MOCK57,"[""fraudulent-recruitment""]",mock,Looking for remote HR assistants. Must join private WhatsApp group first.,True
https://bsky.app/profile/emailearn_now.bsky.social/post/MOCK58,"[""fraudulent-recruitment""]",mock,Earn money sending emails! No contract! DM to get started now.,True
https://bsky.app/profile/reelspaymenthub.bsky.social/post/MOCK59,"[""fraudulent-recruitment""]",mock,Paid to repost Instagram reels ‚Äî $100/day. Pay fee to unlock training.,True
https://bsky.app/profile/shippingeasyfast.bsky.social/post/MOCK60,"[""fraudulent-recruitment""]",mock,Shipping coordinator job: receive and re-send packages. High pay!,True
https://bsky.app/profile/nftjobsteam.bsky.social/post/MOCK61,"[""fraudulent-recruitment""]",mock,Get paid daily by joining our NFT promotional team! Crypto transfers only.,True
https://bsky.app/profile/verifyjobsco.bsky.social/post/MOCK62,"[""fraudulent-recruitment""]",mock,Hiring virtual receptionists ‚Äî must verify identity via personal documents.,True
https://bsky.app/profile/chatpremium_hr.bsky.social/post/MOCK63,"[""fraudulent-recruitment""]",mock,"Online chat role: $500 weekly, apply via Google Form.",True
https://bsky.app/profile/referralpayteam.bsky.social/post/MOCK64,"[""fraudulent-recruitment""]",mock,Earn $75 for each friend you onboard. DM for referral link.,True
