No.,text,username,timestamp,URL,Label by Human,Labels
1,"Weâ€™re hiring!

Our new resume portal is live, and weâ€™re looking for top talent in NYC to help build this administration and deliver on our affordability agenda.

Could that be you? Apply using the link below.

http://transition2025.com/apply",â€ªZohran Kwame Mamdaniâ€¬,"November 6, 2025 at 8:36 AM",https://bsky.app/profile/zohrankmamdani.bsky.social/post/3m4xoo3pf4s2r,0,[]
2,ProPublica is hiring a reporter to join our amazing investigative unit with The Texas Tribune. APPLY HERE â¡ï¸ http://propub.li/4qvyjzw,â€ªCharles Ornsteinâ€¬,"November 4, 2025 at 10:51 AM",https://bsky.app/profile/charlesornstein.bsky.social/post/3m4svafd5us2e,0,[]
3,"Are you a social media manager who is passionate about the culture and lives of Texans? 

Our incredible social media manager was recruited for an exciting, glossy new opportunity, which means ...weâ€™re hiring! 

Come work with us at 
@thebarbedwire.com
 ğŸ’• 

http://www.journalismjobs.com/job-listing/...","Olivia Messer
â€ª","November 5, 2025 at 2:18 PM",https://bsky.app/profile/oliviamesser.bsky.social/post/3m4vrcfp4z22r,0,[]
4,"Calling all those who want to lead the fight in Texas to reach, register, and turn out the voters who will power Democratic victories up and down the ballot: we are hiring full-time organizers.

For details & how to apply, go to PoweredxPeople.org/Careers

",â€ªBeto Oâ€™Rourkeâ€¬,"November 5, 2025 at 4:04 PM",https://bsky.app/profile/betoorourke.bsky.social/post/3m4vx6zg65s27,0,[]
5,"Stars and Stripes, the editorially independent daily newspaper and website covering the U.S. military worldwide, is hiring a U.S. Bureau Chief at its headquarters in Washington, D.C. ğŸ—ï¸

Interested? Apply hereâ¡ï¸ www.usajobs.gov/job/849430100",â€ªStars and Stripesâ€¬,"November 6, 2025 at 11:32 AM
",https://bsky.app/profile/starsandstripes.bsky.social/post/3m4xyigm4nk2b,0,[]
6,"ğŸš€ New Remote Job Alert!
ğŸ’¼ Lettings Administrator
ğŸ¢ Harris & Daughter Ltd.
ğŸŒ UK 
ğŸ“ Administrative
ğŸ’° Â£20,000 - Â£25,000
Apply now: www.remotejobshub.app/job/harris-d...",â€ªRemoteJobsHub.appâ€¬,"November 2, 2025 at 7:45 AM",https://bsky.app/profile/remotejobshub-app.bsky.social/post/3m4njw64d6l2v,1,[]
7,"Persistent Systems Hiring Freshers as Associate Software Engineers in Partnership with Revature â€“ Apply Now Role : Associate Software Engineer Location : WORK FROM HOME/GOA JOB DESCRIPTION: Persistent Systems, a leading global technology solutions company, ",â€ªAwakariâ€¬,"September 22, 2025 at 7:30 AM",https://bsky.app/profile/bluesky.awakari.com/post/3lzgcnku7z22q,0,[]
8,"ğŸš€ New Remote Job Alert!
ğŸ’¼ Work From Home Booking Coordinator
ğŸ¢ Away From Home Travels 2
ğŸŒ UK 
ğŸ“ Customer Service
ğŸ’° Â£25,000 - Â£30,000

Apply now: juniorremotejobs.com/job/away-fro...",â€ªJuniorRemoteJobs.comâ€¬,"December 24, 2024 at 4:00 PM",https://bsky.app/profile/juniorremotejobs.bsky.social/post/3le3doedry62y,1,[]
9,"Now Hiring: Live Chat Assistant for a Shoe Company â€“ Work from Home! ğŸ’»âœ¨
ğŸ“Œ Apply now: bit.ly/NewOnline-Job

Earn $25 - $35 per hour working online from anywhere as a Live Chat Assistant! ğŸ¡ğŸŒ",â€ªAbhaya Aryaâ€¬,"March 12, 2025 at 2:21 PM",https://bsky.app/profile/abhayaarya.bsky.social/post/3lk775ccmfs2k,1,[]
10,"NEW JOB! ğŸŒ¸ 

Age Connects Morgannwg is hiring a Connected Communities Programme Manager in Hybrid. Approximately 20% working from home, 80% field and office-based work.

http://www.charityjobfinder.co.uk/job/3458/con...",â€ªCharity Job Finderâ€¬,"June 2, 2025 at 2:05 PM",https://bsky.app/profile/charityjobfinder.bsky.social/post/3lqnehm4lsa2l,0,[]
11,"Just found a remote job hiring near me, I'd make more than I make where I'm currently at (not by much), get two days off a week, work from home except for some meeting days. It's tempting and I honestly might throw in an application.",â€ªAustinâ€¬,"March 20, 2025 at 2:14 PM",https://bsky.app/profile/acsnow.bsky.social/post/3lktcipnlvk26,0,[]
12,"ğŸš¨ Weâ€™re Hiring! Work from Home with Brainbucks ğŸ 
Perfect for homemakers, students & job seekers.
âœ… Flexible programs
âœ… Free certifications
âœ… Real career growth

ğŸ“² Apply now: forms.gle/ZLL1uwAPSKWm...
ğŸ“ 6301664137",â€ª@rainbucks_officialâ€¬,"May 15, 2025 at 1:58 AM",https://bsky.app/profile/brainbucks.bsky.social/post/3lp6tgw4rik2a,2,[]
13,"ğŸš¨ HIRING NOW!
A new opportunity just dropped ğŸ‘‡

Position: Platform Engineer (x/f/m) â€“ Tech Foundations 
 
Find more remote work from home jobs or onsite with great salaries. 

ğŸ”— Apply here: jobsjornal.online/job/platform... 
â° Donâ€™t wait â€” applications may close soon.",â€ªmabjaia.bsky.socialâ€¬,"November 5, 2025 at 2:23 PM",https://bsky.app/profile/mabjaia.bsky.social/post/3m4vrkfc63h2h,2,[]
14,"Starting to get worried about this job search... Anyone know places hiring? Work from home preferably, but anything in Arizona if not. Looking for work in the operations management field. Spreadsheets, reports, data analysis, that sort of thing. Any leads are helpful, so far zero responses.",â€ªAlmeckâ€¬,"February 20, 2025 at 10:21 PM
",https://bsky.app/profile/almeck.bsky.social/post/3lintxtyy4s2i,0,[]
15,"ğ™ƒğ™„ğ™ğ™„ğ™‰ğ™‚! ğ™ƒğ™„ğ™ğ™„ğ™‰ğ™‚!! ğ™ƒğ™„ğ™ğ™„ğ™‰ğ™‚!!! 
Currently Conscentrix is offering work from home online job offer. The pay is $25/hr, 8 a.m - 12 p.m or 12 p.m. - 4 p.m. and tallied, total of 40-hours work a week.",â€ªjosebrandon.bsky.socialâ€¬,"October 10, 2025 at 7:36 AM",https://bsky.app/profile/josebrandon.bsky.social/post/3m2tle37nzc2a,1,[]
16,"Discover the top work from home jobs for 2025 that are hiring now. These online job ideas are perfect for beginners and pros alike. Work smarter, not harder! 

https://foundersdocs.com/capture/",â€ªmrcashcash.bsky.socialâ€¬,"January 16, 2025 at 5:30 PM",https://bsky.app/profile/mrcashcash.bsky.social/post/3lfvdf6e2372u,2,[]
17,"#Detroit Remote Job Data Entry Clerks. Flexible hours + pay up to $25/hr. Work from home, work on your schedule. #Jobs #Hiring #Career",â€ªCJ Eason â­ï¸ Michiganâ€¬,"August 17, 2025 at 2:17 PM",https://bsky.app/profile/cjeason.bsky.social/post/3lwmikqvk6j2m,1,[]
18,"The Baltimore Banner is hiring a sports reporter who will cover the Orioles with me (yay, come hang), along with some general assignment work.

DM or email me (Andy dot Kostka at thebanner dot com) if you have questions or interest:

http://job-boards.greenhouse.io/thebaltimore...",â€ªAndy Kostkaâ€¬,"October 17, 2025 at 3:53 PM",https://bsky.app/profile/afkostka.bsky.social/post/3m3g2egats22j,0,[]
19,"My team at Plane is hiring experienced full stack engineers. We use Rails, Postgres, Phlex, Vite, TypeScript and Svelte. I donâ€™t have a full job description yet, but drop me a DM if you want to know more.",â€ªJoel Drapper ğŸ‡¬ğŸ‡§ğŸ‡ºğŸ‡¦â€¬,"October 1, 2025 at 12:22 PM
",https://bsky.app/profile/joel.drapper.me/post/3m25h4fcnsk2b,0,[]
20,"Want to build visualisations like this with 
@flutter.dev
?
Our Energy Data Team at 1K5Â° is hiring #FlutterDev Devs who will be responsible building graphics like this one!
Find out more and apply here ğŸ‘‡
1komma5grad.jobs.personio.de/job/1961203

DM me if you have further questions!",Anton,"February 13, 2025 at 5:57 AM
",https://bsky.app/profile/abausg.bsky.social/post/3li2jptqyws2r,0,[]
21,Anyone looking for a job in genomics (Montreal)? I'm hiring a lab tech to shovel RNA and DNA into our very hungry PromethION. DM me if you fit the bill,â€ªMartin Smithâ€¬,"December 3, 2024 at 2:04 AM",https://bsky.app/profile/martinalexsmith.bsky.social/post/3lcf352kctu2c,0,[]
22,"We're hiring!
Love tech? Love talking about tech? Based in UK&I?
Want to work on cool stuff and with me (debatably the cooler part)?
Join our team: job-boards.greenhouse.io/twilio/jobs/...
DM me for the unofficial scoop.",â€ªMarius Obertâ€¬,"April 4, 2025 at 11:08 AM",https://bsky.app/profile/iobert.bsky.social/post/3llyp3t4xns2l,0,[]
23,"My team is hiring at Nature Communications! If you're at #AGU24 and would like to chat about what my (great) job is like, please DM me! 

Associate editor (US) - $74k/yr
Senior editor (US) - $91k/yr

http://www.nature.com/naturecareer...","â€ªJoy Buongiorno, PhDâ€¬","December 11, 2024 at 9:30 AM",https://bsky.app/profile/joybuongiorno.bsky.social/post/3lczxs7saw22q,0,[]
24,"JOB ALERT! My department is hiring an Assistant Prof in Sociology. Area of specialization is open. Feel free to DM me if you have any questions about the position. Deadline is Nov. 20th!

http://jobs.uncw.edu/postings/33746","â€ªMary-Collier Wilks, PhDâ€¬","November 15, 2024 at 2:35 PM",https://bsky.app/profile/profmarycollier.bsky.social/post/3laz4pbjxac2c,0,[]
25,"I'm hiring an assistant level communications/marketing position at my day job. If you know anyone who can work hybrid in Oakland, CA and is an excellent copywriter, DM me for more info. I work in mission-driven publishing so an interest in social justice/repro rights is key.",â€ªPonderosa | Kim Kuzuriâ€¬,"June 27, 2024 at 3:29 PM",https://bsky.app/profile/ponderosa121.bsky.social/post/3kvwkmifn7c25,0,[]
26,"Our department at the University of Toronto is hiring an assistant professor of sociology of race / ethnicity this fall.

I'm not on the hiring committee but am very happy to talk to you about the position if you are interested. You can email, DM, or find me at ASA.

http://jobs.utoronto.ca/job/Toronto-...",â€ªJonathan Horowitzâ€¬,"August 1, 2025 at 8:27 AM",https://bsky.app/profile/jonathanhorowi1.bsky.social/post/3lvdnkvtajs2b,0,[]
27,If you need a job in Miami or you are close I will be hiring for a security $27 a hour for my shop from 9-5 easy money ğŸ’•,â€ªmayaâ€¬,"November 19, 2024 at 11:50 PM",https://bsky.app/profile/dxddymayaaa.bsky.social/post/3lbe5mnrwmk2w,2,[]
28,"Job opportunity! We're hiring a Guest Experience Coordinator to provide support to the Foundationâ€™s public education programming, donor education and engagement opportunities, nonprofit training sessions, fee-based clients and convening of partnership cohorts. Learn more and apply today.",The Pittsburgh Foundation,"March 28, 2025 at 11:22 AM",https://bsky.app/profile/pghfoundation.bsky.social/post/3llh4lbgfrk2c,0,[]
29,"Hiring Alert ğŸš¨ Company: Aditya Birla Chemical Post : Supply Chain & Logistics Location : Mumbai Maharashtra Shared By : www.sciencehiring.com Join Us For Daily Science Hiring Alert whatsapp.com/channel/0029... ğ‘«ğ’ğ’'ğ’• ğ‘·ğ’‚ğ’š ğ‘¨ğ’ğ’š ğ‘­ğ’†ğ’† ğ’ğ’“ ğ‘ºğ’–ğ’ƒğ’”ğ’„ğ’“ğ’Šğ’‘ğ’•ğ’Šğ’ğ’ ğ‘­ğ’ğ’“ ğ‘»ğ’‰ğ’† ğ‘±ğ’ğ’ƒ, ğ‘¾ğ’† ğ’‚ğ’“ğ’† ğ‘·ğ’ğ’”ğ’•ğ’Šğ’ğ’ˆ ğ‘´ğ’ğ’ğ’†ğ’•ğ’‚ğ’“ğ’š ğ‘­ğ’“ğ’†ğ’† ğ‘±ğ’ğ’ƒğ’”",â€ªScience Hiringâ€¬,"October 4, 2025 at 7:22 AM",https://bsky.app/profile/sciencehiring.com/post/3m2jsbggbdr2i,0,[]
30,Do you know of a summer internship for 16+ still taking applications? Or a summer workshop or interesting job? I'm helping add to a list for our HS students here in Central Jersey. Link me or drop a message in DM.,â€ªğŸ³ï¸â€ğŸŒˆGosh Darnit of the New Jersey DarnitsğŸ˜·â€¬,"March 31, 2025 at 6:18 PM",https://bsky.app/profile/goshdarn.bsky.social/post/3llpf7njid22r,0,[]
31,"âš ï¸ SOCIAL MEDIA MARKETING INTERNSHIP âš ï¸ We're looking for a social media marketing intern to join the team! (Remote, contract 3 months) Pls email your CV to elsethgames(at)gmail(dot)com (don't DM me) Shares appreciated ğŸ¥° ",Elseth Games,"August 13, 2025 at 7:25 AM",https://bsky.app/profile/elsethgames.com/post/3lwbpp6sflc2f,1,[]
32,I have a position open for a summer internship in the department of Discovery Oncology at Genentech! A great opportunity for an early career scientist to do a research project and gain experience in industry. Apply below or DM me if interested.,â€ªTonia Hafnerâ€¬,"December 1, 2023 at 2:24 AM",https://bsky.app/profile/toniai12.bsky.social/post/3kfhqnnmei32v,0,[]
33,"Imagine filtering hundreds of resumes in minutes. ğŸ¤¯ An n8n workflow does exactly that. Auto-screen based on job needs & save hours. Focus on candidates, not screening fatigue. DM me = CV I will provide the link",â€ªSidjâ€¬,"May 13, 2025 at 11:14 AM",https://bsky.app/profile/sidj79.bsky.social/post/3lp2rkyyock2i,1,[]
34,"Are you well-connected in Marketing, eCommerce, Finance, Real Estate, or Media? Letâ€™s team up! I can help your network access affordable global talent recruitment solutions. If this sounds like a win, DM meâ€”letâ€™s make it happen! ğŸš€",â€ªAdomas Praneviciusâ€¬,"November 20, 2024 at 7:13 AM",https://bsky.app/profile/apranevicius.bsky.social/post/3lbewetld3s2p,1,[]
35,"Anyways, my publicist/editor-in-chief is looking for an executive assistant. If you are in Atlanta and you want to work under a publicist to have a start in the fashion/entertainment industry and you live in Atlanta, we are hiring. DM me for more info. This position is paid, part-time, and hybrid.",â€ªSHOOT THE CLUB UPâ€¬,"October 16, 2025 at 11:32 AM",https://bsky.app/profile/sirvonchilds.bsky.social/post/3m3d3cuf4lk2i,0,[]
36,"The college where I work is hiring a new Alternative Formats manager. If any of y'all work in accessibility, are familiar w/ alt formats, want to join an awesome team & get paid *much more money* than me, drop me a dm & I'll forward the posting to you when we get it. The job is (mostly?) remote.",â€ªBotticellibelleâ€¬,"March 18, 2025 at 3:01 PM",https://bsky.app/profile/botticellibelle.bsky.social/post/3lkoe5eaux22w,2,[]
37,"We will probably also be hiring general product and infrastructure engineering as well soon - so if any of this sounds cool, feel free to send me a DM.

FWIW, this is the most interesting job I've ever had, and the most fun team I've ever been on.",â€ªMaggie Johnson-Pintâ€¬,"December 3, 2024 at 7:58 PM",https://bsky.app/profile/maggie.bsky.social/post/3lcgx6hf7x22r,1,[]
38,"I could put in a word for you at my job, working remotely at a queer clinic and genuinely really love the work we do someone just left the department I work in, and I know we're hiring for other departments. send me a DM if you want more info (I'd rather not post about my workplace on my furry bsky)",â€ªÂ¢a$h monkâ‚¬Â¥â€¬,"July 27, 2025 at 5:05 PM",https://bsky.app/profile/crittersweet.space/post/3luxy6r6tzs23,1,[]
39,"Are you on the job market? Our department at the University of Waterloo is hiring for multiple tenure track positions in CS, please apply here! Feel free to DM me with questions. cs.uwaterloo.ca/tenure-track...",â€ªVictor Zhongâ€¬,"November 23, 2024 at 9:36 AM",https://bsky.app/profile/vzhong.bsky.social/post/3lbmppktabk2w,0,[]
40,"Our department is hiring! Assoc. or Full professor of Journalism. See our job ad here:

osu.wd1.myworkdayjobs.com/OSUCareers/j...

Feel free to DM me with questions. Ohio State and the School of Communication is a great place to work. High quality people and high quality research. Please share!",â€ªHillary Shulmanâ€¬,"September 1, 2025 at 1:38 PM",https://bsky.app/profile/hcshulman.bsky.social/post/3lxs5ge2m3k22,0,[]
41,"hi friends. if ur 18+ and looking for a job or a side hustle, my business is hiring! we work with onlyfans models as assistants/managers so u dont have to worry about anyone finding out who u are. rn i'm mostly looking for chatters but also people to handle social media. dm me!",â€ªâ™¡ .ËšâŠ¹ ğ“‚ğ’¶ğ’¹ğ‘’ğ“ğ’¾ğ“ƒğ‘’ ğ“‚ğ’¶ğ‘’ âŠ¹Ëš. â™¡â€¬,"April 18, 2025 at 12:08 AM",https://bsky.app/profile/oopsmadi1999.com/post/3ln2qq527zk2q,2,[]
42,"I'm hiring a Senior Writer to cover phones, tablets, and wearables for NYT Wirecutter! You'll write guides and short-form articles about the technology we rely on every day. You'll appear in social videos and contribute to our newsletters. You'll report to me. Dream job imo. Questions? DM me!",â€ªCaitlin McGarryâ€¬,"February 11, 2025 at 12:05 PM",https://bsky.app/profile/cmcgarry.bsky.social/post/3lhw5f2vtcs2l,0,[]
43,"I'm hiring a 2-year postdoc to come work with me on any issue related to the philosophy of thermodynamics! Please DM me with any questions. Deadline for initial consideration March 3, midnight PT. Please share widely!

Details here: philjobs.org/job/show/28502",â€ªEugene Y. S. Chuaâ€¬,"January 21, 2025 at 8:43 PM",https://bsky.app/profile/eugenechua.bsky.social/post/3lgcajiocxc2n,0,[]
44,"My department is hiring a one-year position in Europe and the World, 1500-1900! DM me with any questions. jobs.chronicle.com/job/37557421...",â€ªKelly Kaelinâ€¬,"November 8, 2023 at 11:24 AM",https://bsky.app/profile/kkaelin.bsky.social/post/3kdou4n2jto2i,0,[]
45,".@Survey160 is hiring! We're looking for analysts and part-time senior analysts to help with our work on text message surveys. If you have questions or are interested, @ me or DM me, or see the full job listings here: www.survey160.com/jobs",â€ªKevin Collinsâ€¬,"November 17, 2024 at 4:15 PM",https://bsky.app/profile/kwcollins.bsky.social/post/3lb6cyowlwy2j,0,[]
46,INTERVIEW* INTERVIEW *INTERVIEW* !!! Powertofly Company is hiring to work from home and in the office We are recruiting new employees who will work with our company ( Powertofly Company ) Pay Rate: $30/hr Position Available:Data Entry and Customer service Job Cost: Free. Dm me for more info,â€ªjacksonaustin.bsky.socialâ€¬,"January 19, 2025 at 6:10 PM",https://bsky.app/profile/jacksonaustin.bsky.social/post/3lg4wz773yk2o,1,[]
47,Come and work with me! ğŸ“£ We have a User Researcher maternity cover vacancy at CDPS. Please share with your networks! This is a fixed-term contract role or secondment - DM me if interested in a secondment. www.yolkrecruitment.com/job/user-res...,â€ªGabi Mitchem-Evansâ€¬,"February 28, 2025 at 5:22 AM",https://bsky.app/profile/gabime.bsky.social/post/3lja6s74ymc2c,0,[]
48,"Social cognition grad students & postdocs on the job market: 
Do you want to practice your job talk in my lab meeting? (Zoom or in-person)
Its a low-stakes opportunity to get constructive feedback & prepare for Qs you might get from hiring committees. 
DM me if youâ€™re interested!
(plz rt widely)",â€ªJimmy Calanchiniâ€¬,"September 13, 2024 at 11:38 AM",https://bsky.app/profile/jimmycalanchini.bsky.social/post/3l42c3h3cq722,1,[]
49,"The @Oath Paranoids (security team for Yahoo, AOL, HuffPo, and 50+ brands) are hiring! Feel free to DM me questions www.oath.com/careers/job-...",â€ªDavid Oxleyâ€¬,"November 12, 2024 at 3:00 AM",https://bsky.app/profile/oxley.io/post/3laqeid5jko2m,0,[]
50,"So hey, idk if Iâ€™ve mentioned on here lately, but the goofy little DC higher-ed nonprofit where Iâ€™ve been working these last 3 years(!) is hiring for a couple of positions. They payâ€¦ ok. Almost fully remote, tho; big perk.

If weâ€™re myoots & you need a fake email job & you wanna talk about it, DM me
",â€ªJ.S. Aughtnik ğŸ³ï¸â€âš§ï¸ğŸšºğŸ¤·ğŸ»â€â™€ï¸â€¬,"August 12, 2024 at 12:05 PM",https://bsky.app/profile/catastrobot.bsky.social/post/3kzjunvw6uq24,1,[]
51,"Job Altert! 
Weâ€™re hiring at Monash Economics! Join a research-active, friendly department in Melbourne, Australiaâ€”a brilliant city to live in. Supportive culture, strong research ecosystem, and salaries that let you live well. Apply: econjobmarket.org/positions/11805 
DM/email me",â€ªğŸ— Moshe Hazanâ€¬,"October 16, 2025 at 8:59 PM",https://bsky.app/profile/moshehazan.bsky.social/post/3m3e3272pr22w,0,[]
52,"ğŸ“£Job Opportunity!!ğŸ“£

Lumiere Education (online research program for high schoolers) is looking for a new: Partnerships and Growth Manager. 

See job description: docs.google.com/document/d/1...

DM me for an application link! ",â€ªMel Ortiz-Alvarezâ€¬,"March 20, 2025 at 7:52 PM
",https://bsky.app/profile/moadlc.bsky.social/post/3lktvehc5es2o,0,[]
53,My company is hiring a full time full remote (usa only) frontend developer with remix/react router experience. If that sounds like you or someone you know DM me for the job description.,â€ªMatthew Connertonâ€¬,"July 17, 2025 at 7:43 PM",https://bsky.app/profile/connerton.bsky.social/post/3lu74d7yv5k2e,1,[]
54,"We are #hiring Software Engineers in Dublin, Ireland (mostly)!

stripe.com/jobs/listing...

If you want to get more details about the job, drop me a dm!
",â€ªDmitry Zuevâ€¬,"April 10, 2025 at 8:40 AM
",https://bsky.app/profile/zuev.bsky.social/post/3lmhjllxyz22f,0,[]
55,"â­â­â­#Hiring - Thai Business Development & Sales Representative. Junior position.
Industry: eCommerce
Thai/English speaking and writing mandatory.
Fully remote (in Thailand)
Competitive salary + performance bonus

DM me to receive the full Job description.",â€ªTrystantrestâ€¬,"October 7, 2025 at 1:47 AM",https://bsky.app/profile/trystantrest.bsky.social/post/3m2lgherumk2j,1,[]
56,"@newarab.com.web.brid.gy
 is hiring an investigative journalist. Must have right to work in the UK.

Feel free to DM me if it is of interest.

uk.indeed.com/job/investig...",â€ªAnas Ambriâ€¬,"January 3, 2025 at 10:37 AM",https://bsky.app/profile/anasambri.bsky.social/post/3letwaay4422u,0,[]
57,Men and women self assess against job requirements differently. So I am going to try something: not linking a job req! We're hiring developers on my team. I especially want you brilliant women who are always underestimating yourselves to think about dropping me a DM. I'm nice.,â€ªVicky Harpâ€¬,"November 14, 2024 at 1:35 AM",https://bsky.app/profile/vickyharp.com/post/3lavansommu2q,2,[]
58,"My new department (MCDB at University of Dundee) is hiring! The research environment up here is amazing, with a lot of infrastructure support, collaborative colleagues and wonderful environment. Please DM me if you'd like more info. www.jobs.ac.uk/job/DCW357/p...",â€ªLiz Millerâ€¬,"September 28, 2023 at 7:47 AM",https://bsky.app/profile/lizmillercu.bsky.social/post/3kahbkmqfu72h,0,[]
59,"We're hiring 2 #chempostdoc for PUI faculty training doing research with undergraduates. Preferred experience in air-free organometallics and/or crystallography. Flexible start. $66,560K/yr + benefits. DM/email me for details/questions. foundation.cpp.edu/es/employmen... Job #520547175",â€ªStieber Labâ€¬,"November 17, 2023 at 3:59 PM",https://bsky.app/profile/stieberlab.bsky.social/post/3kefxp3gysc2l,0,[]
60,"Want to write/edit at Scientific American? We're hiring! We want a technology writer / editor to cover AI, drones, misinformation, innovative apps, etc. Lots of fun, challenges & work with a great team. Job app: careers.springernature.com/job/New-York.... Questions? DM me or email.",â€ªJosh Fischmanâ€¬,"November 27, 2023 at 12:58 PM",https://bsky.app/profile/jfischman.bsky.social/post/3kf6sae5zwg25,0,[]
61,"If you are a #plantperson in the Fort Edward, NY area we are hiring retail associates at my job! Dm me for details!
Share this to get it to the right people please!!",â€ªGrace FeyğŸ§šâ€â™€ï¸â€¬,"November 11, 2024 at 9:57 AM",https://bsky.app/profile/halflingbard.bsky.social/post/3laolbshg4s2z,0,[]
62,"If you live in the Pittsburgh region, and are looking for a job, my employer is hiring for a variety of positions, with varying levels of education and experience. This is for high-tech manufacturing, not public-facing service jobs. DM me if you'd like more information.",â€ªDocDanPghâ€¬,"December 1, 2024 at 1:30 PM",https://bsky.app/profile/docdanpgh.bsky.social/post/3lcbajzmehk2e,1,[]
63,"any full stack JS/TS devs looking for a job? we're hiring. DM for details if we know each other enough

and by DM i mean find me on discord (aliceisjustplaying) or any other social media platform where you can message me",â€ªaliceâ€¬,"October 18, 2023 at 7:50 PM",https://bsky.app/profile/alice.mosphere.at/post/3kc2tbheesl2w,0,[]
64,"Content creator friends: We're hiring for a fun role at Spot AI to focus on video content creation. (You'll get to work with me!)

If you know anyone interested or you're interested DM me!

job-boards.greenhouse.io/spotai/jobs/...",â€ªKelly Vaughnâ€¬,"November 8, 2024 at 8:59 AM",https://bsky.app/profile/kvlly.com/post/3lagwpefzjv2x,1,[]
65,My job is hiring like crazy rn. Dm me for deets,â€ªAlleonâ€¬,"August 9, 2025 at 4:54 PM",https://bsky.app/profile/alleonbucci.bsky.social/post/3lvynm5afak2j,1,[]
66,"ğŸš¨Job Alert ğŸš¨ My department is hiring! We are advertising for three positions, including an open-subfield Assistant Professor with a focus on ""Problems of Democracy,"" for which political theorists will be considered. Feel free to DM / email me your questions! uscjobs.sc.edu/postings/192...",â€ªSamuel Baggâ€¬,"August 8, 2025 at 11:16 AM",https://bsky.app/profile/samuel-bagg.bsky.social/post/3lvvkaokzzs2z,0,[]
67,My job is hiring part-time customer support reps. It's fully remote (literally can work from the beach as long as you have a strong wifi connection) and nowhere near as high pressure as other customer support jobs tend to be. DM me and I can send you the job description and stuff #blacksky,â€ªğŸ³ï¸â€âš§ï¸LiquoriceğŸ³ï¸â€âš§ï¸â€¬,"November 21, 2024 at 8:45 PM",https://bsky.app/profile/xemterpretations.bsky.social/post/3lbiu63kr4k27,2,[]
68,Oh and I almost forgot we are hiring from what I heard they need at least 90 new people before the end of the year! Need a job? DM ME!,â€ªKen Crockettâ€¬,"November 12, 2024 at 11:49 PM",https://bsky.app/profile/kencrockett.com/post/3laskc4g3cq2a,2,[]
69,"Attention Sysadmins and Senior Helpdesk engineers I am hiring for an IT Lead. Drop me your Resume, or DM me for a link to the Job Posting.",â€ªâ›ˆï¸ shon ğŸ‘¨ğŸ»â€ğŸ’»â›ˆï¸â€¬,"November 17, 2024 at 10:19 PM",https://bsky.app/profile/taterontech.dev/post/3lb6xlnasso2l,1,[]
70,"NYC bloomfs: I'm hiring a part-time, freelance Video Writer/Producer to work with me on video content for StreetEasy! ~10-15 hours per week, $65-70 hourly rate. DM me with questions or if you'd like to see the full job description",â€ªDylan Lyons (he/him)â€¬,"January 6, 2025 at 5:13 PM",https://bsky.app/profile/dylanlyons.bsky.social/post/3lf45rt3mxs2a,0,[]
71,"Interested in OpenTelemetry? Wanna work with me? We're hiring for the Observability team at Heroku. We're building tooling for internal teams, and the org culture is the most supportive I've ever experienced anywhere.

Job posting to come, but DM me if you're interested!",â€ªJeremy Morrellâ€¬,"November 13, 2024 at 3:33 AM",https://bsky.app/profile/jeremymorrell.dev/post/3laswrc3ypg2k,1,[]
72,HELP!! Hiring â€“ Teamassistenz (M/W/D) â€¦ Is your next career move with me and the WORK Marketingteam? Apply or send me a DM work-microwave.softgarden.io/job/36391367...,â€ªJoerg Friedrichâ€¬,"October 19, 2023 at 8:33 AM",https://bsky.app/profile/joergfriedrich.bsky.social/post/3kc45vqfy4l2u,1,[]
73,"We are hiring an #elixirlang engineer in the EU (UK, Ireland, Netherlands, Spain or Portugal). No need to already know Elixir. We will teach you. Want to work on an amazing team? Go here: job-boards.greenhouse.io/workera/jobs... If you have questions on the role. DM me.",â€ªPetar RadoÅ¡eviÄ‡â€¬,"February 21, 2025 at 8:13 AM",https://bsky.app/profile/petar.dev/post/3liov2acews2q,0,[]
74,My Calif based company (~50 employees) is hiring a Web Developer. Job is fully remote. Financial/Insurance. DM me if you want more info.,â€ªCarolyn Jewelâ€¬,"May 29, 2025 at 2:46 PM
",https://bsky.app/profile/cjewel.sfba.social.ap.brid.gy/post/3lqdeujrcjek2,0,[]
75,"hi friends. if ur 18+ and looking for a job or a side hustle, my business is hiring! we work with onlyfans models as assistants/managers so u dont have to worry about anyone finding out who u are. rn i'm mostly looking for chatters but also people to handle social media. 
dm me!",â€ªavalie grace ğŸ€ Gary Barkovitch's Defense Attorneyâ€¬,"April 18, 2025 at 12:08 AM",https://bsky.app/profile/um-itsavalie.bsky.social/post/3ln2qpvwsok2q,2,[]
76,"We're hiring! Are you a Android developer and company culture is really important to you?
Then come work with me at @trydaily!

Check out the job description and the pay rate is listed there too. If you have any questions feel free to DM me.

Please...
",â€ªWesley Faulknerâ€¬,"November 27, 2024 at 11:04 AM",https://bsky.app/profile/wesley83.bsky.social/post/3lbwwjrn3k42v,0,[]
77,"Hey! They're hiring a replacement for my old position at Oakland University (just north of Detroit, MI). If you're interested, feel free to DM me any questions. jobs.oakland.edu/postings/31777",â€ªbfuhrmanâ€¬,"July 8, 2024 at 4:52 PM",https://bsky.app/profile/bfuhrman.bsky.social/post/3kwseex42iq26,0,[]
78,"So, Dad has a day job protecting families and building wealth through life insurance products. AND, I am hiring. Work from home, or wherever you want to be. Want to learn more and join the Daddy Bear Insurance Agency? DM me.
",â€ªCliff Boyd - Major Road Trip in November. Check Pinned Post.â€¬,"August 26, 2025 at 4:58 PM",https://bsky.app/profile/chibear20.bsky.social/post/3lxdfqogwhs22,1,[]
79,"We're hiring! If you know a graphics/C++ engineer who wants to build a new CAD kernel, please apply or DM me for more about the role! The job is probably 2:1 ratio of C++ to Rust, but it can skew higher or lower depending on what you want to work on. zoo.dev/jobs/4478481...",â€ªAdam Chalmersâ€¬,"November 26, 2024 at 1:00 PM",https://bsky.app/profile/adamchalmers.com/post/3lbumjwcp6k2f,0,[]
80,"My squad is hiring a marketing campaign analyst. It's a role for someone who LOVES data. 

Other notes:
- We're a Marketo + SFDB shop, so you definitely need to have familiarity with that ecosystem
- You'd work real closely with me, so... be warned

DM me for the job req and referral info!",â€ªIt's Liz!â€¬,"May 15, 2025 at 1:17 PM",https://bsky.app/profile/twolemonades.com/post/3lp7zf43wak2d,0,[]
81,"My org is hiring a fully remote ""platform specialist."" No degree needed. Affinity for data & analysis required. Job is to monitor social media platforms & other data to identify cyber risks like impersonations and generate alerts to safeguard customers. $40-50k/yr + benes. DM me for info.",,"April 29, 2025 at 11:57 AM",https://bsky.app/profile/twolemonades.com/post/3lnxnhubuls2c,0,[]
82,"Are you holding on to your current job tightly, cognizant that hiring opportunities are few and far between? Reach out to me for a story emily.peck@axios.com or DM. Thank you for your attention to this matter","Emily Peck
","August 14, 2025 at 2:46 PM",https://bsky.app/profile/emilypeck.bsky.social/post/3lweyrzfx7c2l,1,[]
83,"My WTF side job is urgently hiring 200 casuals to work on the big national Graduate Outcomes Survey, so if anyone wants an extra few quid between now and December drop me a DM.",â€ªStoatâ€¬,"August 12, 2024 at 8:13 AM",https://bsky.app/profile/applecake.bsky.social/post/3kzjhp6d4vo2g,1,[]
84,"If you're looking for a job in B2B software Sales/Go-To-Market, DM me #jobs #Jobsky #hiring
",â€ªRemember the big cow? ğŸ‡µğŸ‡¸â€¬,"September 18, 2025 at 2:32 PM",https://bsky.app/profile/thebigcow.bsky.social/post/3lz4ydhgzg22u,1,[]
85,"hi friends. if ur 18+ and looking for a job or a side hustle, my business is hiring! we work with onlyfans models as assistants/managers so u dont have to worry about anyone finding out who u are. rn i'm mostly looking for chatters but also people to handle social media. 
dm me!
",â€ªğŸ€ Princess Avalie Grace ğŸ€â€¬,"April 18, 2025 at 12:08 AM",https://bsky.app/profile/avaliegracehypno.bsky.social/post/3ln2qpb37fk2q,2,[]
86,"I love that my job, as in what i get paid to do(!), is to go to Meetups and talk to all of you awesome people about something I already love talking/learning about...#kubernetes. Does this sound like something you'd like to do too? We're hiring at @tigeraio. ğŸ˜‰ DM me for details!",â€ªBrandon B. Jozsaâ€¬,"November 16, 2024 at 9:57 PM",https://bsky.app/profile/v1k0d3n.bsky.social/post/3lb4fvoxdvo2g,0,[]
87,Weâ€™re hiring a Team Lead at the GESIS Computational Social Science department ğŸŒ Passionate about open science & innovative methods for digital behavioral data? Join us to shape the future of CSS! ğŸ’»ğŸ“Š â“ Questions? Contact me via DM or mail ğŸ‘‰ Job ad: www.hidden-professionals.de/HPv3.Jobs/ge...,â€ªSebastian Stierâ€¬,"December 4, 2024 at 5:41 PM",https://bsky.app/profile/sebstier.bsky.social/post/3lcj7yalbrc2s,0,[]
88,"Might be hiring a part time junior PM in January. Starting at 1 day a week. DM me for job description, etc!",â€ªJohn Rudolph Drexlerâ€¬,"December 16, 2024 at 5:39 PM",https://bsky.app/profile/did:plc:wubzpn3pqh4i6jkmehotekof/post/3ldhfhdokus2d,0,[]
89,Come work with us at MSR AI Frontiers and help us figure out reasoning! We're hiring at the Senior Researcher level (eg post phd). Please drop me a DM if you do! jobs.careers.microsoft.com/us/en/job/17...,â€ªDimitris Papailiopoulosâ€¬,"February 21, 2025 at 10:48 AM",https://bsky.app/profile/dimitrisp.bsky.social/post/3lip5qwafos2j,0,[]
90,"Hey yall...

So I work at the JW Marriott in DC and they are in a bit of a hiring spree.

If you live in the DC area and can use a job (full time or part time), DM me on telegram (link in profile)","â€ªShado Cat :3 ğŸ”œ AC, MPX, BLFC?â€¬","August 22, 2023 at 10:23 PM",https://bsky.app/profile/shadocat.bsky.social/post/3k5lr7kbqdw2r,1,[]
91,"I am hiring! ğŸ“

We offer a fully funded PhD student position to work on exciting machine learning projects utilizing rich, multimodal real-life health data, based at 
@fimm-uh.bsky.social
 in Helsinki, Finland, the happiest country in the world ğŸ‡«ğŸ‡®

jobs.helsinki.fi/job/Helsinki...

Feel free to DM me!",â€ªTuomo Hartonenâ€¬,"August 28, 2025 at 8:32 AM",https://bsky.app/profile/tuomohartonen.bsky.social/post/3lxhkfygtwk2f,0,[]
92,"My current job is hiring for another position on my team. 17/hr, fully remote in USA, medical document review and phone calls are primary job functions. If we're mutuals or have at least talked in the past, or idk you just promise not to be weird and doxx me to my job, DM me for a link.","â€ªlane, venus barbataâ€¬","February 19, 2025 at 6:44 PM",https://bsky.app/profile/seaofceres.bsky.social/post/3likxexqnak2y,1,[]
93,Journalism Job Alert: Law360 is hiring a new reporter to cover tax issues in the EU on a short-term basis. Position will be based in Brussels and will last for six months. Feel free to DM me a CV if you're interested or ask me questions about working here.,â€ªTodd Buellâ€¬,"November 16, 2023 at 9:42 AM",https://bsky.app/profile/toddbuell.bsky.social/post/3kecs6e2dwc2e,0,[]
94,"We at Huawei Ireland Research Center are Hiring.
If you want to chat re any Roles, drop me a DM .
Great team, cutting edge real-world research

Job Openings here
lnkd.in/e5GCU42Q
lnkd.in/e9ytFTEN",â€ªDavid smithâ€¬,"May 20, 2025 at 2:07 PM",https://bsky.app/profile/davidivorsmith.bsky.social/post/3lpmokeze5k2r,0,[]
95,ğŸ“£ NOW HIRING: Chicago #gaming content creators! My [Fortune 500 company] is hiring for 2 (TWO) in Chicagoland! âœ¨Benefits â• $60-75k â• MOSTLY remote (some days you'll go to the downtown #Chicago studio) DM me if interested & I'll send the #job description!,â€ªğ’¦ğ’¾ğ“‚ğ’¾ â™¡â€¬,"February 3, 2025 at 6:21 PM",https://bsky.app/profile/kimikimi-more.bsky.social/post/3lhconswqok2h,0,[]
96,"ğŸš¨ Good Job Alert: Our client @MimeoPhotos is hiring a Director of Development to oversee their macOS / iOS apps for printing photobooks, cards, and calendars. Remote, NYC, or Memphis. If youâ€™re interested, shoot me a DM. www.mimeo.com/careers/jobs...",â€ªchroma ğŸŒˆâ€¬,"November 24, 2024 at 7:01 AM",https://bsky.app/profile/mbbischoff.com/post/3lboxkanu4y2g,0,[]
97,The Cap Times is #hiring a K-12 education reporter. DM me with any questions and find the job listing here: journalismjobs.com/1690965-educatâ€¦,â€ªErin McGroartyâ€¬,"June 18, 2025 at 11:41 AM",https://bsky.app/profile/erinmcgroarty.bsky.social/post/3lrvdvy243c2m,0,[]
98,"UTCS is hiring in all areas, including PL! Please DM me if you are on the job market this year and interested in joining our wonderful department :)",â€ªIsil Dilligâ€¬,"October 22, 2025 at 3:39 PM",https://bsky.app/profile/idillig.bsky.social/post/3m3slwmwoek2h,0,[]
99,"hi friends. if ur 18+ and looking for a job or a side hustle, my business is hiring! we work with onlyfans models as assistants/managers so u dont have to worry about anyone finding out who u are. rn i'm mostly looking for chatters but also people to handle social media. dm me!",â€ªthe dollhouseâ€¬,"April 18, 2025 at 12:08 AM",https://bsky.app/profile/dollhousecreators.com/post/3ln2qpo5i622q,2,[]
100,"University of Utah Dept of Sociology and Criminology is hiring a tenure track assistant professor! Iâ€™m happy to chat and answer any questions about the job, SLC, etc. DM or email me.

PS: we are a great group of colleagues to have ğŸ˜

Link:

utah.peopleadmin.com/postings/187...",â€ªKatie Durante ğŸ¹ğŸ¦•â€¬,"September 4, 2025 at 3:53 PM
",https://bsky.app/profile/professorkd.bsky.social/post/3lxzwegtrcc2i,0,[]
101,"ğŸš¨ Hiring in Manufacturing? ğŸš¨

Streamline your recruitment process with expert support! Iâ€™ll help craft job ads, screen candidates, and schedule interviews all while keeping your pipeline organized. Letâ€™s get the skilled talent you need, faster!

ğŸ“© DM me to learn more. ",â€ªMNMatchâ€¬,"January 27, 2025 at 3:03 PM",https://bsky.app/profile/mnmatch.bsky.social/post/3lgqqd2kuw224,1,[]
102,"ğŸš¨ğŸš¨Journalism job alert: 

Come work with us at Fierce Healthcare. We're hiring a staff writer to cover payers + health tech. You can work remotely! 

DM me with questions! ...",â€ªAnastassia Gliadkovskayaâ€¬,"November 22, 2024 at 3:03 PM",https://bsky.app/profile/gliadkovskaya.bsky.social/post/3lbkrjrlp5n24,0,[]
103,My day job is hiring. If you're looking for a corporate full stack developer job DM me for more details.,â€ªMelodic Noise Mediaâ€¬,"March 24, 2025 at 4:46 PM",https://bsky.app/profile/melodicnoise.bsky.social/post/3ll5mtuajfc2n,0,[]
104,"Scientific American is hiring! A senior tech reporter, to be exact. It's a great writing job with great colleagues and huge impact. Please spread the word and DM me with any questions. Here's the official ad: springernature.wd3.myworkdayjobs.com/SpringerNatu...",â€ªJosh Fischmanâ€¬,"January 23, 2025 at 8:07 PM",https://bsky.app/profile/jfischman.bsky.social/post/3lgh7gmax722n,0,[]
105,"Are you a mom looking for WFH job, weâ€™re currently hiring at driveline solutions. Be sure to send me a dm if this is something youâ€™re interested on",â€ªREBECCAâ€¬,"February 2, 2025 at 5:35 PM
",https://bsky.app/profile/drivelinesolution.bsky.social/post/3lha3m3to4k2h,0,[]
106,"Interested in @AltacJobs applying data analysis skills to federal court data? Weâ€™re hiring a data resources specialist. Itâ€™s a term one-year position with possibility of renewal. DM me with questions. 
Salary = $105k.
JOB AD: www.usajobs.gov/job/746552400",â€ªJason Cantoneâ€¬,"September 4, 2023 at 8:25 PM
",https://bsky.app/profile/jasoncantone.bsky.social/post/3k6maooq6qn2j,0,[]
107,Job hunting #PR pros in ATL. I know of an agency seeking a mid-level AS/Director. DM me if interested. #hiring,â€ªJonesyJenâ€¬,"February 13, 2025 at 7:29 AM",https://bsky.app/profile/jonesyjen.bsky.social/post/3li2ovaxi7225,0,[]
108,"ğŸ’¼ Any experienced Shopify Devs looking for a job or job change? We're hiring! Mention below or DM me, please.",â€ªNick Harrisâ€¬,"November 14, 2024 at 1:43 PM
",https://bsky.app/profile/nickharris.bsky.social/post/3lawjedwzpr22,0,[]
109,"Melbourne is hiring more teaching-focused faculty! The positions are new and offer lots of opportunities, please email/DM me or 
@dprbyrne.bsky.social
 for more info!

Official job ad below

jobs.unimelb.edu.au/en/job/91433...",â€ªVictoria Baranovâ€¬,"October 26, 2023 at 7:17 AM",https://bsky.app/profile/vicbar.bsky.social/post/3kcnmwb5hqf2u,0,[]
110,"UConn's Computational Biology Core is hiring a core scientist. We do research, training, and support users of our HPC. The position will be focused on supporting UConn Health. Please reskeet, and DM me if you have questions. 

jobs.hr.uconn.edu/cw/en-us/job...",â€ªNoah Reidâ€¬,"October 10, 2024 at 11:38 AM",https://bsky.app/profile/noahreid.bsky.social/post/3l666p36n542u,0,[]
111,JOB ALERT: FSU is hiring another tenure-track music theory professor! I am happy to answer any questions and chat about the job. Come on down! (also can someone post this on threads and mastodon and hamburps etc.ğŸ« ),â€ªjulianneâ€¬,"September 13, 2023 at 11:52 AM
",https://bsky.app/profile/hoagietime.bsky.social/post/3k7by7evjbj2z,0,[]
112,"JOURNALISM JOB:

Pink Triangle Press (Xtra's parent company) is hiring a Community Manager to work on an exciting new health content project. 

Remote full-time work. Must be based in Canada, must be bilingual in English/French. 

DM me if you have any Qs! 

  www.linkedin.com/jobs/view/41...
",â€ªMel Woodsâ€¬,"January 10, 2025 at 1:48 PM
",https://bsky.app/profile/melwoods.me/post/3lffu7daps22x,0,[]
113,"ğŸš€ Career moves await! Federal & private sectors are hiring for: 

Clinical Psychologist â€“ Program Manager 
Supervisory Speech-Language Pathologist 
Senior Capture Manager 

Check full job descriptions here: tinyurl.com/2fz7h369 

DM me. Letâ€™s get you HIRED!
#ccCareerSolutions #GetHired",â€ªCamille Robertsâ€¬,"November 7, 2025 at 12:40 PM",https://bsky.app/profile/camilleroberts.bsky.social/post/3m52mr6sipy2e,0,[]
114,"UW Mechanical Engineering is hiring! We have multiple faculty positions available, including one in medical imaging physics. Please feel free to DM me with any questions and hope you help spread the word! Come join us in Seattle ğŸŒ§ï¸ 

www.me.washington.edu/about/job-op...",â€ªMehmet Kurtâ€¬,"November 12, 2024 at 10:41 AM",https://bsky.app/profile/kurtlab.bsky.social/post/3lar6aryoic2i,0,[]
115,"Are you looking for a job in a non-profit scholarly association in the DC area? My association is hiring for two positions right now: a membership manager and an accounting specialist. Competitive pay, great benefits, and an honestly fantastic bunch of people to work with. DM me for details.",â€ªCharles Louis Richterâ€¬,"February 5, 2025 at 1:04 PM",https://bsky.app/profile/richterscale.bsky.social/post/3lhh5twlkkc2m,0,[]
116,"Weâ€™re hiring postdocs and a lab tech! Experimental & computational people welcome; come learn about GPCRs, cryoEM, MD/FEP, drug discovery, method development and more! Feel free to DM me for more info.
jobs.bcm.edu/job-invite/1... jobs.bcm.edu/job-invite/1...

Please RT!",â€ªMichael J. Robertsonâ€¬,"March 4, 2024 at 9:08 AM
",https://bsky.app/profile/biophysicsguy.bsky.social/post/3kmut352gj22o,0,[]
117,"If anyone's looking for a online, full remote, full benefits job teaching, guaranteed to never be in person, please DM me.  My company's hiring","â€ªRad O'Brien, Chief Engineer ğŸ”µâ€¬","February 13, 2025 at 2:06 PM",https://bsky.app/profile/radobrien.myatproto.social/post/3li3f3fmnvs2d,1,[]
118,"Cincinnati is hiring! Iâ€™ve only been here for a few months, but if you have any questions about the department or Cincinnati generally feel free to DM me! ğŸ¥³

philjobs.org/job/show/24834
",â€ªBri the Coffee Rat â˜•ï¸ğŸ€â€¬,"October 10, 2023 at 8:53 PM",https://bsky.app/profile/brilarson.bsky.social/post/3kbgt2fweqw2d,0,[]
119,"Truly if you are looking for some steady work please dm me. I just need help around the house since Iâ€™m in the wheelchair, while 
@jjorbles.bsky.social
 is at work sometimes when heâ€™s home. House is easy enough to keep clean, itâ€™s a very easy job with good pay & flexibility. Dm or text me hiring ASAP",â€ªâœ¡ï¸Sprinkle Sprinkle Barbie ×œÖµ×Ö¸×” (kawaii arc)ğŸ‘©ğŸ½â€ğŸ¦½â€¬,"February 17, 2025 at 4:43 PM",https://bsky.app/profile/sarcasticbarbie.bsky.social/post/3lifppetqic2p,2,[]
120,Come work with me! 538 and ABC News are hiring a politics editor: jobs.disneycareers.com/job/washingt... DM or email with any questions!,â€ªNathaniel Rakichâ€¬,"May 21, 2024 at 9:25 AM",https://bsky.app/profile/baseballot.bsky.social/post/3ksyuzs2cto2h,0,[]
121,"Hey Iâ€™m hiring a 4-year PhD student in #astronomy at UCC to work on studying massive black holes in cosmological simulations! Fast turn around on this bc it is so late (due 6 June) but please pass on to any interested and qualified students! Feel free to dm/email me! ğŸ”­ğŸ§ª 

www.ucc.ie/en/astro/job...",â€ªMichael Tremmelâ€¬,"May 8, 2025 at 12:26 PM",https://bsky.app/profile/michaeltremmel.bsky.social/post/3loodc43ee22i,0,[]
122,"Unique job alert! I know a fairly small org that's doing very impactful work in the tech hiring space. 

They need an *experienced* sales leader/director to build and own relationships with the companies they work with. 

DM me or email alex@indyhall.org for a link to apply.",â€ªAlex Hillmanâ€¬,"March 31, 2021 at 10:53 PM",https://bsky.app/profile/alexhillman.com/post/3l72ikgxpoy2v,0,[]
123,"at this point id happily trade sexual favors for a job. morally dubious hiring managers in the KC metro area, dm me!",â€ªğŸğŸPiperğŸğŸâ€¬,"August 13, 2024 at 2:30 AM",https://bsky.app/profile/jazzguineapig.bsky.social/post/3kzlezqjxs22t,2,[]
124,"Snyk is hiring in Zurich ğŸ‡¨ğŸ‡­ 

If you're following me as a TS / JavaScript dev then Senior Managers with TypeScript could still be considered for the job with strong system design skills.

Apply to the open role via QR or DM me your CV and I'll push it internally as a referral",â€ªLiran Talâ€¬,"September 16, 2025 at 2:00 PM",https://bsky.app/profile/lirantal.com/post/3lyxvmysc5w23,0,[]
125,Hello all: we are unexpectedly hiring for a freelance Database and Maps Editor. Ideally a full time commitment and someone with games media experience already. Full Job post: www.gamerguides.com/jobs/freelan.... Retweets appreciated. DM me for any questions. Laguna says thanks!,â€ªClaire Farnworthâ€¬,"January 22, 2025 at 9:15 AM",https://bsky.app/profile/claire.gamerguides.com/post/3lgdkjnb4m22y,0,[]
126,"Oslo Met is hiring an associate prof in econ! What a nice department. Deadline 26 Nov. If you want to know more about life in a Nordic utopia feel free to dm me 
www.oslomet.no/en/work/job-...",â€ªLaura Derksenâ€¬,"November 7, 2023 at 6:54 AM",https://bsky.app/profile/lauraderksen.bsky.social/post/3kdlulqthhv2t,0,[]
127,We are hiring! My team supports scientists around career defining communication moments (eg job- and ERC interviews and keynotes). We want to establish a pool of freelance graphic designers with academic experience to help us with PPT slides and illustrations. Interested? DM me or reply below,â€ªHermen Visserâ€¬,"November 29, 2024 at 2:13 PM",https://bsky.app/profile/hermenvisser.bsky.social/post/3lc4bzwkxzs2r,0,[]
128,"MyLondon are hiring for something similar to my last role. Itâ€™s a cool gig with nice people

DM me if you have questions and do fwd to journos you think would be keen (esp. those from under-represented groups)
jobs.reachplc.com/job-descript... #journojobs",â€ªJosiah Mortimerâ€¬,"November 22, 2024 at 6:51 PM",https://bsky.app/profile/josiah.writes.news/post/3lbl6bfjqap2x,0,[]
129,"If you or anyone you know is looking for a new position as a Senior Software Engineer in the great state of Michigan, my company is hiring. DM me for link to the job description.",â€ªWendycado ğŸ¥‘â€¬,"November 11, 2024 at 11:00 AM",https://bsky.app/profile/wendishen.bsky.social/post/3laootdv4tf22,0,[]
130,"Weâ€™re hiring a tenure track faculty in higher education at SHU. 

DM me for details! 

Forward widely to students and colleagues. jobs.shu.edu/cw/en-us/job...",â€ªdavid i. backerâ€¬,"November 5, 2025 at 8:37 AM",https://bsky.app/profile/schooldaves.bsky.social/post/3m4v6ags6mc2k,0,[]
131,"Interested in OpenTelemetry? Wanna work with me? We're hiring for the Observability team at Heroku. We're building tooling for internal teams, and the org culture is the most supportive I've ever experienced anywhere.

Job posting to come, but DM me if you're interested!",â€ªJeremy Morrellâ€¬,"September 6, 2023 at 2:36 PM",https://bsky.app/profile/jeremymorrell.dev/post/3k6qo4xicwh25,0,[]
132,My job is hiring for a senior executive assistant. DM me your LinkedIn profile if you're interested!,â€ªEspada#007â€¬,"December 3, 2024 at 12:16 PM",https://bsky.app/profile/capricorn007.bsky.social/post/3lcg5dkkams2r,0,[]
133,If I know any youth/collection development librarians that might be into a Cleveland based hybrid job my team is hiring. 2 days/wk in office. Dm me,â€ªBethâ€¬,"August 17, 2023 at 3:29 PM",https://bsky.app/profile/bethreads.bsky.social/post/3k56hrngy5n22,0,[]
134,"ğŸš¨ The ReCiv project is hiring soon!

I am looking for a #postdoc to work at QUB with me and superstar Wiebke Marie Junk on the resilience of interest groups

sites.google.com/view/michele...

Benefits include:
- Fab project ğŸ¤¯
- Great colleagues ğŸ˜Š

Job-ad out soon
Feel free to drop me a dm for Qs",â€ªMichele Crepazâ€¬,"August 29, 2024 at 5:43 PM",https://bsky.app/profile/michelecrepaz.bsky.social/post/3l2v7igt43r2n,0,[]
135,"Microsoft is hiring a remote Executive Business Administrator to support a CVP on the Azure Fleet Capacity team! Strategic leadership support, stakeholder coordination, and more!  
Need help? DM me! 
Job announcement: f.mtr.cool/injbimyowk
#MicrosoftCareers #ccCareerSolutions
",â€ªCamille Robertsâ€¬,"June 13, 2025 at 11:40 AM",https://bsky.app/profile/camilleroberts.bsky.social/post/3lrirjcanu322,0,[]
136,"Nice to meetcha pandacabra! DM me if you want to talk job hunt, I'll be happy to take some info and pass along to other hiring managers if I spot a potential fit.",â€ªRevancheâ€¬,"June 23, 2025 at 1:01 AM",https://bsky.app/profile/revanche.bsky.social/post/3lsasgz5wn22e,0,[]
137,"We're #hiring a new Head of the Sovereign Tech Fund! ğŸš€

The #SovereignTechFund is the flagship program of the Sovereign Tech Agency. Since 2022, we've invested in critical #opensource infrastructureâ€”from curl to FreeBSD to technologies like DNS powering the webâ€”to strengthen #digitalsovereignty. 1/3","Sovereign Tech Agency
","November 6, 2025 at 6:35 AM",https://bsky.app/profile/sovereign.tech/post/3m4xhudkjgk2t,0,[]
138,"Job alert! 

@ischoolui.bsky.social
 is hiring in 4 areas this year

Early literacies: illinois.csod.com/ux/ats/caree...

Information behavior/HCI/UX: illinois.csod.com/ux/ats/caree...

Information, Culture & Society: illinois.csod.com/ux/ats/caree...

Open IS: illinois.csod.com/ux/ats/caree...",â€ªRyan Cordellâ€¬,"November 6, 2025 at 10:54 AM",https://bsky.app/profile/ryancordell.org/post/3m4xwdlcnts2n,0,[]
139,"ğŸš¨Job alertğŸš¨ 

The lab has up to *3 postdoc openings* for comp systems neuroscientists interested in describing and manipulating neural population dynamics mediating behaviour

This is part of a collaborative ARIA grant ""4D precision control of cortical dynamics""

euraxess.ec.europa.eu/jobs/383909",â€ªJuan Gallegoâ€¬,"November 4, 2025 at 12:11 PM",https://bsky.app/profile/juangallego.bsky.social/post/3m4szpo5fds2w,0,[]
140,"ğŸš¨JOB ALERT : ENGINEERING SEISMOLOGIST ğŸš¨

Come and work with us in the Seismic Hazards Program at the California Geological Survey! 

ğŸ’° $6,488 - $12,215 / month

ğŸ“† Application due: 11/17/2025

calcareers.ca.gov/CalHrPublic/...",â€ªDr. Wendy Bohonâ€¬,"November 5, 2025 at 3:30 PM",https://bsky.app/profile/drwendyrocks.bsky.social/post/3m4vvdo76e226,0,[]
141,"My lab at Indiana University is searching for a *postdoc* and *technician* to contribute to our work studying the evolution of social behavior using fruit flies as a model system. Details below, feel free to email me with any questions! More info on our research: saltzlab.com","Julia Saltz
â€ª","November 5, 2025 at 11:56 AM",https://bsky.app/profile/juliasaltz.bsky.social/post/3m4vjdhrfbs23,0,[]
142,"JOB ALERT ğŸš¨

Hiring my first nurse for a virtual mental health program focused on eating disorders! ğŸ’š

Part-time | Equipment provided | Multi-state licensing support included.

Looking for a strong LPN w/ sharp critical thinking, time management, & virtual communication skills.",â€ªâšœï¸ ğ“†¤ Dime the Fit Nurse âšœï¸ ğ“†¤â€¬,"November 5, 2025 at 12:29 PM",https://bsky.app/profile/trainlikedime.bsky.social/post/3m4vl6lrv4c25,0,[]
143,"*Job alert* We are advertising two opportunities 
@manchester.ac.uk
, linked to the JUST centre (www.just.ac.uk)
- A Post-Doctoral Research Associate on Social & Built Infrastructure  (www.jobs.manchester.ac.uk/Job/JobDetai...)
- A PhD on Green Skills & Communities (www.findaphd.com/phds/project...)",â€ªStefan Bouzarovskiâ€¬,"November 6, 2025 at 5:59 AM",https://bsky.app/profile/stefanb23.bsky.social/post/3m4xfvexh5c2a,0,[]
144,"ğŸš¨ Job Alert!

We're recruiting a part-time freelance managing editor to join the CEH editorial team. 

Applications are due by 30 November 2025.

Full details and application process here:

www.cambridge.org/core/journal...",â€ªContemporary European Historyâ€¬,"November 3, 2025 at 7:36 AM",https://bsky.app/profile/conteurohistory.bsky.social/post/3m4pzwchvbk2e,0,[]
145,"ğŸš€ New Job Alert! 

1nHealth Inc. is hiring a Senior Full Stack Developer to work with React and Laravel. Join a mission-driven team aiming to improve global health outcomes. Remote work available! 

Apply here: larajobs.com/job/3760",â€ªLarajobsâ€¬,"November 6, 2025 at 11:24 AM",https://bsky.app/profile/larajobs.com/post/3m4xy2o74hz2i,0,[]
146,"Job alert ğŸš¨ 
MU is recruiting a Teaching & Learning Librarian. 

This is a permanent, full-time position offering the opportunity to develop a wide range of skills, valuable experience, and build professional expertise! 

More info lnkd.in/empMXqVS",â€ªSaoirse de Paorâ€¬,"November 8, 2025 at 4:07 AM",https://bsky.app/profile/saoirsedepaor.bsky.social/post/3m54ajj75fc2y,1,[]
147,"ğŸ“¢ğŸ“¢ğŸ“¢ Job alert !! ğŸ“¢ğŸ“¢ğŸ“¢

We are looking for a new member of our research team (doctoral student or postdoc) whose focus will be on LED fabrication and characterisation.

For further particulars, please check the job ad: www.tu-chemnitz.de/verwaltung/p...

â° Deadline 27 Nov. 2025",â€ªSimon Kahmannâ€¬,"November 3, 2025 at 10:46 AM",https://bsky.app/profile/skahmn.bsky.social/post/3m4qeijxsyk2c,0,[]
148,"ğŸš¨Journalism job alertğŸš¨

We're looking for a reporter at CFO Brew with experience covering corporate finance. 

Like not having to be on the hamster wheel of content, and instead write process stories and profiles and features? Come work with us!

jobs.lever.co/morningbrew/...",â€ªJosh Sternbergâ€¬,"November 3, 2025 at 9:51 AM",https://bsky.app/profile/joshsternberg.com/post/3m4qbhrpok22f,0,[]
149,"Follow
ğŸš¨Tenure track job. Final alertğŸš¨
The 
@cuny.edu
 
@baruch.cuny.edu
 history department is accepting applications for the position of assistant professor of the history of South Asia. Deadline is NOVEMBER 15.
cuny.jobs/new-york-ny/...",â€ªBaruch History Departmentâ€¬,"November 3, 2025 at 9:51 AM",https://bsky.app/profile/baruchhistory.bsky.social/post/3m4qbh7mkcs2g,0,[]
150,"ğŸš€ New Remote Job Alert!

ğŸ’¼ Field Marketing Executive - UK & I

ğŸ¢ Samsara

ğŸŒ UK 

ğŸ“ Customer Experience

ğŸ’° Â£45,000 - Â£65,000

#RemoteJobs #RemoteWork #WorkFromHome #Hiring #JobOpportunity

Apply now: https://customerremotejobs.com/job/samsara-field-marketing-executive-uk-i",CustomerRemoteJobs.com,"November 15, 2025 at 4:00 PM",https://bsky.app/profile/customerremotejobs.bsky.social/post/3m5p3nlawl42e,1,[]
151,"Remote job alert!
work from home, flexible hours!
join our team, competitive pay!
reliable internet required
apply now, start your journey!
be part of something amazing!",â€ª@customerremotejobs.bsky.socialâ€¬,"November 5, 2025 at 6:02 AM",https://bsky.app/profile/terma95.bsky.social/post/3m4uvklhb7m24,1,[]
152,"No Office, No Boss â€“ Just Data Entry and Income! Numeric Data Entry: Focuses primarily on numbers. Think of accounting clerks entering invoices, financial, Alphanumeric Data Entry: ...Read more: worldwidehomeoffice.blogspot.com/2025/09/data... #WorkFromHome  #RemoteJobsUSA #dataentryjobs",jayantkrshah.bsky.social,"November 10, 2025 at 9:25 AM",https://bsky.app/profile/jayantkrshah.bsky.social/post/3m5btd4ggf22l,2,[]
153,"Want to come and work with me at supabase? Weâ€™re looking for a docs engineer! A couple more days and weâ€™ll close the job ad, so get those applications in quick! jobs.ashbyhq.com/supabase/65b... Fully remote, great company, open source at heart, and you get to work with me! (Yay?)",Chris Chinchilla,"November 9, 2025 at 10:17 AM",https://bsky.app/profile/chrischinchilla.bsky.social/post/3m57fp7sftt26,0,[]
154,New job title: The Boss. âœ¨ It's time to call your own shots. We're hiring for a remote opportunity where you are in control. #AOSouth #Hiring #BeYourOwnBoss #Entrepreneur #CareerGoals #BossLife Link in bio for a new career opportunity with AOSouth!,AOSouth,"November 7, 2025 at 5:02 PM",https://bsky.app/profile/aosouththrive.bsky.social/post/3m533fyjbda24,2,[]
155,"The best work perk? Being home for dinner. Every. Single. Night. ğŸ½ï¸â¤ï¸ This is the goal. This is the ""why."" At AOSouth, we're building careers that fit into a happy life. Learn more: aosouth.life #WorkToLive #AOSouth #WFHPerks #FamilyDinner",AOSouth,"November 6, 2025 at 11:03 AM",https://bsky.app/profile/aosouththrive.bsky.social/post/3m4xwujem7q2g,2,[]
156,No commute. No dress code. Bills pilling up? Here your Opportunity. Opportunity is Knocking: shorturl.at/VmLey #WFHSuccess #MindsetMatters #StartToday #RemoteOpportunity #CareerShift #BuildYourEmpire #ClickTheLink #FlexibleCareer #SideHustleLife #ThisIsYourSign #LaptopLifestyle #CareerFreedom,vcvocal,"November 5, 2025 at 1:28 PM",https://bsky.app/profile/vcvocal.bsky.social/post/3m4voifcars2k,2,[]
157,ğŸ’¼ USA Remote Jobs ğŸ‡ºğŸ‡¸ Work from home & earn $100â€“$300 weekly! No experience needed âœ… Flexible hours ğŸ•’ | Weekly Pay ğŸ’µ ğŸ‘‰ Apply Now: shorturl.at/Rqgow #USAJobs #WorkFromHome #HiringNow #RemoteWork #OnlineJobs,robertmbron881,"November 4, 2025 at 8:53 AM",https://bsky.app/profile/robertmbron881.bsky.social/post/3m4sonpr2lt2y,2,[]
158,Why wait for the future? Work remote now! ğŸ”— eazyearning.online #RemoteWork #JobSearch #Careers #RemoteJobs #WorkFromHome,Eazy Earning,"October 12, 2025 at 3:59 PM",https://bsky.app/profile/eazyearning.bsky.social/post/3m2zielpiz22d,2,[]
159,"If interested in working from home, please join our email list, for work from home offers. zurl.co/7guvr You can also visit our website: zurl.co/CThsm #fyp #workfromhome #remotework #joinus",She Israel,"October 27, 2025 at 3:43 PM
",https://bsky.app/profile/sheisrael.bsky.social/post/3m476hsdmxg2n,2,[]
160,"ğŸš€ Launch your DONE-FOR-YOU coaching biz today â€” no tech, no guesswork!ğŸš€You donâ€™t need to coach anyone â€” just collect the leads & 100% of the sales!ğŸš€LIMITED SPACE AVAILABLE! Watch demo HERE -> tinyurl.com/launchyrcoac... #SideHustle #WorkFromHome #PassiveIncome #MakeMoneyOnline #DONEFORYOU",Side Hustle Box,"October 26, 2025 at 11:11 PM",https://bsky.app/profile/bestsidehustle.bsky.social/post/3m45h2kzpjs2h,2,[]
161,"Tired of hustling nonstop? I was too â€” until $1,200/month started flowing in like clockwork. ğŸ’¸ğŸ”¥ More freedom. Less stress. Ready to turn your side hustle into steady income? ğŸ‘‰ shorturl.at/SqyY9 #MakeMoneyOnline  #WorkFromHome #PassiveIncome #FinancialFreedom #OnlineBusiness #EarnFromHome #Money",The Profit Lab,"October 23, 2025 at 2:27 PM",https://bsky.app/profile/theproftlabs.bsky.social/post/3m3uylj3dfk2o,2,[]
162,ğŸ”¥ Turnkey AI Business Opportunity âœ… No stress âœ… No dev work âœ… 100% profit potential Your brand. Your AI tools. ğŸ‘‰ direct.me/planifyxsoft... #AIBusiness #WhiteLabelTools #DigitalBiz #StartupHack #EarnFromHome #PlanifyXSoftware,Planify X Software,"October 23, 2025 at 2:27 PM",https://bsky.app/profile/builtbymatthew.bsky.social/post/3lqaldqijnb2s,2,[]
163,ğŸš¨ We're Hiring: Freelance Paid App Reviewer! ğŸš¨ Join our team and get paid for reviewing apps! Work from home with flexible hours. Apply now ğŸ‘‰ bit.ly/WritingRevie... #FreelanceJobs #WorkFromHome #RemoteWork #AppReviewer #PaidReviews #SideHustle #JobOpportunity #FlexibleJobs #WFH #EarnFromHome,Abhaya Arya,"December 22, 2024 at 12:09 PM",https://bsky.app/profile/abhayaarya.bsky.social/post/3ldvvtgyqsk2l,2,[]
164,"Work from anywhere, anytime. Your opportunity for extra income and flexibility starts here. Apply at zurl.co/pQC96 #BeYourOwnBoss #RemoteWorkLife #EarnFromHome",Kaizen Advance,"March 10, 2025 at 11:59 AM",https://bsky.app/profile/kaizenadvance.bsky.social/post/3ljzwal6yw42z,2,[]
165,,,,,,[]
166,,,,,,[]
167,,,,,,[]
168,,,,,,[]
169,,,,,,[]
170,,,,,,[]
171,,,,,,[]
172,,,,,,[]
173,,,,,,[]
174,,,,,,[]
175,,,,,,[]
176,,,,,,[]
177,,,,,,[]
178,,,,,,[]
179,,,,,,[]
180,,,,,,[]
181,,,,,,[]
182,,,,,,[]
183,,,,,,[]
184,,,,,,[]
185,,,,,,[]
186,,,,,,[]
187,,,,,,[]
188,,,,,,[]
189,,,,,,[]
190,,,,,,[]
191,,,,,,[]
192,,,,,,[]
193,,,,,,[]
194,,,,,,[]
